"Nombre del documento","anonId","color","connectedAt","lat","lng","name","socketId"
"/conexiones_historial/2q2vXOQXDu0YCfySSqce","id_f74f94","#8f5ff7","2026-08-22T16:47:06.733Z","6.261767004058412","-75.49464359442617","Dispositivo iOS (iPhone/iPad)","7lFFvrVliPCfLv1XAACu"
"/conexiones_historial/z60UeuuM4uiLkA0UbB49","id_5757b3","#c6f50e","2026-08-30T16:38:07.263Z","6.2648718","-75.494904","Móvil Android","IfVeLPOX4kSOHV6vAABI"
"/conexiones_historial/WlbCtM4BGKVXEroM68Tb","id_cce86b","#0f74db","2026-08-22T16:02:25.939Z","6.2612309","-75.4898823","Móvil Android","tkNUCjfCmezoDA_xAABg"
"/conexiones_historial/CrUq4Ly8CLgF8Ft7nZgk","id_c526ac","#dfeba8","2026-08-22T16:35:28.236Z","6.266413718053141","-75.49520225880038","Dispositivo iOS (iPhone/iPad)","f2YTapgHWiSZnsxzAACM"
"/conexiones_historial/f2Prv98Lqopc9UwEW1X6","id_c44db0","#25fbd8","2026-08-29T15:14:25.575Z","6.2618134","-75.4946028","Móvil Android","oUirvZFlUIXEQ7ugAAAD"
"/conexiones_historial/9dEJlVq2mguOmFyi5eWC","id_14675b","","2026-08-17T15:34:35.314Z","","","PC Windows","qmet2GeB8FXwWadSAAAN"
"/conexiones_historial/ouH2R4ysXSspUp2WAG3z","id_44f635","#9e9eca","2026-08-26T21:44:29.721Z","6.261533255228437","-75.49488773702161","Dispositivo iOS (iPhone/iPad)","pv_fmGRX82nnaF4MAABg"
"/conexiones_historial/kpmmCQGRjlmQX8vxshCp","id_f41ffc","#b5b3de","2026-08-23T17:28:05.494Z","6.21506218376778","-75.5697751758071","Dispositivo iOS (iPhone/iPad)","bAGBQyLkhXVdCNs0AABj"
"/conexiones_historial/wmqt400cC5gU0jVNf4mc","id_a7cdce","#e269a8","2026-08-22T17:45:29.515Z","6.2616389","-75.4946638","Móvil Android","dMLUrk_wD9GYgNk6AAAB"
"/conexiones_historial/LnQXW8AfNvBJImN8pVnQ","id_376954","#7f71b8","2026-08-30T16:28:30.882Z","6.264652613278203","-75.49489236554042","Dispositivo iOS (iPhone/iPad)","-L8LNzBVKbaWlPd5AABA"
"/conexiones_historial/lJllQGNkPIWf2R6fVZj6","id_4764f5","#ef577c","2026-08-22T19:30:51.374Z","6.266814833141396","-75.49672989052561","Dispositivo iOS (iPhone/iPad)","LfcxAe-r31EL6QuHAAEE"
"/conexiones_historial/Xuz3aql9iu48Fbej1syC","id_d934bd","#29c4e2","2026-08-30T16:09:34.792Z","6.263305850670131","-75.49425752631274","Dispositivo iOS (iPhone/iPad)","vs8eHYm3Hh4xMFAxAAAd"
"/conexiones_historial/1Y8rixBcYVhSUbpnJWrO","id_792f4f","#49705d","2026-08-30T21:15:25.387Z","6.2619093","-75.494582","Móvil Android","5-uq2FMt4LzHsemUAAA6"
"/conexiones_historial/9G5HjmkabYowGTXFW4Hz","id_f5d96d","#76ab1c","2026-08-22T21:32:12.958Z","6.264849312193114","-75.49493199721876","Dispositivo iOS (iPhone/iPad)","JVHcOPALnizMHHy9AAAD"
"/conexiones_historial/egKd1eOasWdGDA14G5m6","id_3e4f09","#40de12","2026-08-22T15:01:10.590Z","6.261989915872816","-75.49463246464157","Dispositivo iOS (iPhone/iPad)","bpMPmmYBTXYwsdZIAAAd"
"/conexiones_historial/llrc2O6ygpDHuaPCDHT0","id_a22c8d","#eb47e8","2026-08-21T18:20:24.194Z","6.261701839419545","-75.49467056811169","PC Windows","1mc8tc0jYWWYxVCaAAB1"
"/conexiones_historial/Z2EfFGEelRAmzPBU9coC","id_b3d6ef","#2755a7","2026-08-22T18:24:23.140Z","6.263399754482285","-75.48886540572754","Dispositivo iOS (iPhone/iPad)","HOs52eIqtAAA0BOuAACB"
"/conexiones_historial/Go2akzDbXrvOBmlrLK0q","id_414b09","#b184b7","2026-08-30T16:22:26.026Z","6.261939936929019","-75.49457279315186","Dispositivo iOS (iPhone/iPad)","rC1RZ1gSm1RGFRjLAAA2"
"/conexiones_historial/dVRW9WehHfv8CMKueLuy","id_183eeb","#6239ab","2026-08-22T17:51:55.985Z","6.2622471","-75.4945035","Móvil Android","x-yJGtzygcUufhHwAAAX"
"/conexiones_historial/ssl0hq6JQMqEumDEMVoR","id_c21de0","#305a3f","2026-08-29T19:22:10.859Z","6.2659303","-75.4951286","Móvil Android","00xqy2-k90eWt80cAAEi"
"/conexiones_historial/7AtzH32dEzQXh1h4oFco","id_0b796a","#0f9863","2026-08-22T14:59:51.445Z","6.261692257311113","-75.49452046487428","Dispositivo iOS (iPhone/iPad)","NXdapufF1Ak85CkDAAAb"
"/conexiones_historial/mPiNPQKXjJzOeELsvMch","id_75bbe5","#85d8ef","2026-08-22T18:34:23.103Z","6.264407591497808","-75.49048296675535","Dispositivo iOS (iPhone/iPad)","0zldVyZLuLgKPYMUAACJ"
"/conexiones_historial/kwR4Z1KfrNBa7Gnl3nK1","id_449448","#b54bd9","2026-08-22T15:58:35.155Z","6.265102332853807","-75.49498554487535","Dispositivo iOS (iPhone/iPad)","Hb2UtrL0DGdOmZ5oAABa"
"/conexiones_historial/EuGb30CHZVY3BVNCVynm","id_177f37","","2026-08-17T18:08:16.407Z","","","PC Windows","9oAut0cjfPzx8ffqAAAL"
"/conexiones_historial/E9PNUiAA8jr2FF87Yyd2","id_933e85","#24a0b9","2026-08-29T21:27:10.571Z","6.2620897","-75.4944571","Móvil Android","g9vu_e3x5FgwQ1flAAAs"
"/conexiones_historial/MlVdWQJI1I1lqXfxRXDc","id_c6bdcf","#ee71ed","2026-08-22T16:46:35.798Z","6.263563","-75.4943305","Móvil Android","MP_5_IOdyS5j3GHiAACo"
"/conexiones_historial/CXMfbZ9T32OzZWy9auNw","id_4231dd","#8e91c6","2026-08-23T17:36:13.463Z","6.271943623402476","-75.49367098069331","Dispositivo iOS (iPhone/iPad)","1LQc1bhbgyAFkLSzAAB1"
"/conexiones_historial/o1O7wCJyxeiWlYCGSAQg","id_77f49d","#6c8d20","2026-08-29T22:07:27.736Z","6.294305594452664","-75.54566397754652","Dispositivo iOS (iPhone/iPad)","Jt87qSSt1wd5V5nqAAAD"
"/conexiones_historial/XXr3HfVtg0DOcBfBmUp4","id_2bdee1","","2026-08-17T17:17:49.972Z","","","Móvil Android","u77hKtLR3M_5F6e3AABi"
"/conexiones_historial/W3FCnITKUdQfUHqmr4Sh","id_aa7b20","#949b3e","2026-08-28T01:01:18.645Z","6.165252782277934","-75.32533726227706","Dispositivo iOS (iPhone/iPad)","gs8xnl02sYdKBIz7AAAJ"
"/conexiones_historial/d8ewKGBksrRbIVl2icMs","id_66b510","#652c5b","2026-08-22T17:16:11.091Z","6.2634067341407995","-75.49127728304136","Dispositivo iOS (iPhone/iPad)","uG2i-pdXrbzKzmCPAADR"
"/conexiones_historial/UzRrX7J0Y7zhqz3WueRb","id_9bf7de","#96e896","2026-08-27T16:08:24.997Z","6.261687822777242","-75.4947101966885","Dispositivo iOS (iPhone/iPad)","N-g2z3liEcOQErlSAAAD"
"/conexiones_historial/AxZSFLOMCF5ulWHzor5t","id_7275c9","#dc2cc1","2026-08-29T18:22:56.591Z","6.27027027027027","-75.49668427150091","Móvil Android","RQQm2aN5cNQbddZtAAD2"
"/conexiones_historial/XcZC2hMryzg4rQCmZUEO","id_ff26e9","#62cc02","2026-08-23T17:29:50.182Z","6.159294317482187","-75.35979853018686","Dispositivo iOS (iPhone/iPad)","S2XR6TWEOhv2k7YHAABl"
"/conexiones_historial/iISQu1N6m3dzmj5bRujc","id_dce440","#9fd720","2026-08-30T16:17:02.804Z","6.2623624","-75.49451","Móvil Android","NCvOMJ1kBPQa2v9JAAAp"
"/conexiones_historial/iwxYifrNwYCsNqQd1XMF","id_92f8e1","#e341d4","2026-08-23T20:41:32.358Z","6.269667582526824","-75.49636355373065","Dispositivo iOS (iPhone/iPad)","VeJyRPfDNpuRx8prAAAj"
"/conexiones_historial/YbDsnBp355qzDZVxQaZT","id_e21fe5","#e269ff","2026-08-30T20:59:43.322Z","6.2743517","-75.4927017","Móvil Android","xriHdI5QCE_74S0XAAAw"
"/conexiones_historial/84oQRwNo7JTPJfBO8k1O","id_609333","#adf67f","2026-08-22T14:47:18.026Z","6.2612939","-75.4946406","Móvil Android","KeTJZf94iie0UHCwAAAN"
"/conexiones_historial/sAJB36KuQquIjACkvDRg","id_62c3ff","#d469e2","2026-08-21T18:10:36.505Z","6.266897708901129","-75.49185465730875","Dispositivo iOS (iPhone/iPad)","hC1W078kn4WDbSqkAABf"
"/conexiones_historial/2t8mN2vGdCCHrEu3uka1","id_acf7ac","#5a3071","2026-08-22T17:51:57.152Z","6.261784947844642","-75.4903911895589","Dispositivo iOS (iPhone/iPad)","Oq50AhuDqILgrb-oAAAZ"
"/conexiones_historial/17rEL32CAhbDqds7WCgU","id_a08d7b","#6df9f8","2026-08-22T20:46:44.485Z","6.266673355091753","-75.49668823162575","Dispositivo iOS (iPhone/iPad)","wpEUd5DAsh42i61yAAAH"
"/conexiones_historial/ai6RNWHt3OQMvwrgsUVJ","id_fccb70","#98b171","2026-08-19T18:41:26.615Z","6.266607371787157","-75.49668688722183","Dispositivo iOS (iPhone/iPad)","hVaZzoQupEN244tLAAAF"
"/conexiones_historial/YsdysIEzQnCNzrvbrj5F","id_d3732c","#5883fd","2026-08-22T19:29:19.423Z","6.267769743574119","-75.49534500751032","Dispositivo iOS (iPhone/iPad)","MGngfh3oRmQ5edctAAEC"
"/conexiones_historial/9t2KLcRPiZ4gkBY5vPsh","id_fb1bd4","#b86405","2026-08-29T14:35:10.206Z","6.261719891180349","-75.49463596737723","Dispositivo iOS (iPhone/iPad)","eQjzjEG4rUwMaBZoAAAB"
"/conexiones_historial/8NsJW8AtHXYNxPoNMTiq","id_c5af54","#9e414e","2026-08-28T17:01:24.662Z","6.2624781","-75.4946038","Móvil Android","wLw6cxzSwMBP7uSAAAAJ"
"/conexiones_historial/Yvr2QjxFoRbdf65eqlxH","id_61bde4","#dc4270","2026-08-22T18:18:37.391Z","6.263342739679873","-75.48898074608482","Dispositivo iOS (iPhone/iPad)","4ta7WH7sloiHK0VOAAB7"
"/conexiones_historial/vmHNuhxVdSW0SHF2E12F","id_03ec8e","#70765d","2026-08-28T23:12:00.937Z","6.2122479","-75.5986966","Móvil Android","NnY4H2iZbTdvUbE5AAAD"
"/conexiones_historial/ddC2BY29GOWJhHfs02L9","id_a2b566","#a10df3","2026-08-31T03:47:25.879Z","6.275104003610411","-75.54922092011297","Dispositivo iOS (iPhone/iPad)","dM95NhfiTfGqqUcGAABG"
"/conexiones_historial/aiszizFQdTWKlukN6Zu6","id_b46b9f","#c0872e","2026-08-30T19:52:00.383Z","6.264820875555128","-75.49492816892275","Dispositivo iOS (iPhone/iPad)","A8PsoE8aU6ENlfIoAAAR"
"/conexiones_historial/kGJXoQnx30yxgpuP4IDK","id_4caeb7","","2026-08-17T15:57:03.582Z","","","PC Windows","NvMad_sroH0kmbSFAAAV"
"/conexiones_historial/CzWcs4sZ59CLuu3WykfT","id_4d6f77","#8d7753","2026-08-22T15:53:48.590Z","6.1652575296956424","-75.32533103156564","Dispositivo iOS (iPhone/iPad)","T2YeNr5w-tiy7-O-AABU"
"/conexiones_historial/pGJm65snEQCP07lGJNFT","id_953690","#d4fc96","2026-08-29T17:42:39.472Z","6.266453","-75.4967877","Móvil Android","rHbnnRXL-Kx-9nA4AABP"
"/conexiones_historial/ilfGU6vnJaApzmMqgV5X","id_0761a3","#7a4289","2026-08-22T18:13:34.085Z","6.261870580468398","-75.48886405954688","Dispositivo iOS (iPhone/iPad)","M-_Z9v6BGcbuQyZdAABx"
"/conexiones_historial/XU5DstTB7SjtCyrYo6WG","id_9fa393","#55506c","2026-08-23T17:15:00.684Z","6.269109349428287","-75.4938361678363","Dispositivo iOS (iPhone/iPad)","OmvKwX-_fiZTsn4pAABX"
"/conexiones_historial/WAtRsMh4FQrjOc0K6Rcj","id_e7a899","#f71744","2026-08-29T17:50:02.802Z","6.2618184","-75.4946289","Móvil Android","CukpulyuUfMjvSLZAABV"
"/conexiones_historial/jVEvcCOYgqPRl78FKd0c","id_159102","#cf7c0e","2026-08-23T17:30:10.907Z","6.270768238278729","-75.49342272168964","Dispositivo iOS (iPhone/iPad)","YKLqt-8N43heaPKqAABn"
"/conexiones_historial/jruqso59MoMU5I1GcDSY","id_d21830","#742bb8","2026-08-23T17:53:38.742Z","6.270713457503201","-75.49464151814335","Dispositivo iOS (iPhone/iPad)","e_1bly1tTZomvyjLAAB5"
"/conexiones_historial/VmtYHHQIFieQedFtxMdp","id_3714b8","#1a460b","2026-08-22T16:42:15.331Z","6.2619124","-75.4945819","Móvil Android","zaUvkcOBvViylfkIAACi"
"/conexiones_historial/3z9Nka1p5QUxMchFum1e","id_7a1009","#07d0ee","2026-08-23T16:40:40.577Z","6.268068410461653","-75.49537112873755","Dispositivo iOS (iPhone/iPad)","LvpebeoVzZds5vnBAAA8"
"/conexiones_historial/JvljGFXHnujBMGS5qu3E","id_39b64b","#34a98c","2026-08-29T16:41:15.006Z","6.2618576","-75.494603","Móvil Android","6nkVfcTCKmhdv6DOAAAP"
"/conexiones_historial/rQetOEzvFN9F2H6DvsVJ","id_283983","#59f75e","2026-08-29T16:47:28.361Z","6.252252252252252","-75.49407945227999","Móvil Android","FjPJ78Ys2ksGHJI8AAAb"
"/conexiones_historial/2zYRIR1rdbrJVyZW7agZ","id_7fe33c","#a9e96b","2026-08-22T18:22:30.854Z","6.266818545758369","-75.4966788603998","Dispositivo iOS (iPhone/iPad)","S9rEdJyOsS0ZxS4gAAB_"
"/conexiones_historial/J2yDt8Vmwv5t4Mk6HTv6","id_10a2b7","#fd4f60","2026-08-22T14:52:13.313Z","6.249696603289663","-75.59256939653757","Dispositivo iOS (iPhone/iPad)","UxHYRQurH2r3D0pbAAAT"
"/conexiones_historial/95ITsJU4tlWXEQEYxBtN","id_b411dc","#002199","2026-08-23T15:28:46.492Z","6.264265","-75.4940483","Móvil Android","8WJPEOFtLVqhomlCAAAS"
"/conexiones_historial/sZF81L25MrBYzuOWGMN8","id_7c35f3","#15eb93","2026-08-30T16:21:40.985Z","6.2618816267415705","-75.49447618816913","Dispositivo iOS (iPhone/iPad)","E175ShRvGl8YDDMNAAA0"
"/conexiones_historial/N447GlC8wiXkriT7xhiy","id_c9e799","#eb529e","2026-08-22T15:53:24.233Z","6.247455574300225","-75.50053914710867","Dispositivo iOS (iPhone/iPad)","2YJnb60Oy4hFNxWsAABO"
"/conexiones_historial/7HVp8aIGW69tD2Tb5f5b","id_5689a8","#64a6ef","2026-08-30T15:09:24.100Z","6.346056306063778","-75.51286047095671","Dispositivo iOS (iPhone/iPad)","I0RLTC9bf_y1xIWMAAAH"
"/conexiones_historial/69E96UnKDIcQjJ3C69A1","id_f6cf51","#7a7649","2026-08-29T16:41:53.185Z","6.252252252252252","-75.49407945227999","Móvil Android","4A81hQdnmCMe26sHAAAT"
"/conexiones_historial/WtYYvOzIdjxLDYHkdNBR","id_e6b832","#bbef64","2026-08-22T14:51:22.937Z","6.2324391","-75.5689978","Móvil Android","yFoyNy10BG7ReaDbAAAR"
"/conexiones_historial/bKpyOo7gs5lrQFUVjo5Q","id_1949f5","#ef869d","2026-08-22T17:46:11.820Z","6.261778822990818","-75.49039611001868","Dispositivo iOS (iPhone/iPad)","IZqMJFFK7yE2Bbm2AAAF"
"/conexiones_historial/vU0RBvwxDye0ydpyb9En","id_1fbcee","#3d9254","2026-08-22T16:10:04.144Z","6.2612003","-75.4898147","Móvil Android","F18ALlLfqMm7nevoAAB1"
"/conexiones_historial/t3gCEZ1yTsPWomeMh6CX","id_51ab32","#1ac5aa","2026-08-29T19:48:29.790Z","6.2664324","-75.4966945","Móvil Android","jT7oo38ZLBuy9jcdAAEw"
"/conexiones_historial/qx7Uyc6jy7UdcYy1WvTV","id_345781","#101124","2026-08-23T15:23:25.566Z","6.2623333","-75.4946083","Móvil Android","2B2MbBvhn1e99WDqAAAJ"
"/conexiones_historial/JPpoKKlQ7zu6YKU9wzEB","id_f2ddc7","#5e4338","2026-08-21T19:01:58.065Z","6.26445","-75.49438","Móvil Android","iCyiuuhbRLKQk7TaAACa"
"/conexiones_historial/8kRktpHRpbfyyR4z0eht","id_0bcf2e","","2026-08-17T16:41:30.560Z","","","Móvil Android","0s8GrvLyzzsixo5gAAAn"
"/conexiones_historial/nG6ruLseiikavQ1eR5d7","id_2f9d94","#4bf52a","2026-08-22T21:54:10.053Z","6.26900600179347","-75.57168063927982","Dispositivo iOS (iPhone/iPad)","MtEZm3GTReNFqhkXAAAN"
"/conexiones_historial/ivCyIxsL0k1eGEM9JSTp","id_e776ed","#5f5ec9","2026-08-29T16:07:08.377Z","6.262461968545824","-75.49462070167158","Dispositivo iOS (iPhone/iPad)","ywYzPWzkQbYzYZPNAAAB"
"/conexiones_historial/dZs2tuM8iHfr2as2ZIDY","id_1a9caf","#8be5bc","2026-08-21T18:18:41.138Z","6.266280935872202","-75.49171440037932","Dispositivo iOS (iPhone/iPad)","0VoFkHaaSqa6Au1eAABt"
"/conexiones_historial/js1Jfm5nqcYcMC59G69e","id_e28a94","#251f34","2026-08-18T20:18:48.582Z","6.165261915016238","-75.32535041009328","Dispositivo iOS (iPhone/iPad)","SLMfJR5O53PUm3swAACQ"
"/conexiones_historial/KyPaaKimdBwdSqOigPq3","id_664952","#a8bef6","2026-08-29T16:58:32.882Z","6.2648321","-75.4948257","Móvil Android","iQAKMMDSKeNWXrkAAAAt"
"/conexiones_historial/1NPS9YyaJTseWaPVLDXj","id_1b06ce","#77206f","2026-08-19T17:33:55.451Z","6.2663942528946945","-75.49563841901299","Dispositivo iOS (iPhone/iPad)","wP64f7k-6auoVGfRAAAJ"
"/conexiones_historial/BmshSqRsxWYg1UK5WwGy","id_186281","#62af4a","2026-08-21T20:37:45.443Z","6.166226986198031","-75.32570456056152","PC Windows","wPl_JqTWanscHcpEAAAB"
"/conexiones_historial/12Dt0vVraEXwK8fSQwxy","id_80c0c2","#aca4db","2026-08-30T17:11:44.127Z","6.266989903730913","-75.49498561514547","Dispositivo iOS (iPhone/iPad)","YwhcRhRwTmstf1c7AABi"
"/conexiones_historial/dyjBlk35ey5f23jp45co","id_e56b5d","#ced92c","2026-08-22T19:50:56.830Z","6.267031834951155","-75.49521348005399","Dispositivo iOS (iPhone/iPad)","AeYSxr4MAavfjOz5AAET"
"/conexiones_historial/XBypG7gfGWD2SvlNJtpA","id_42297d","#e5aee2","2026-08-22T17:53:44.920Z","6.2618760187789","-75.49042736049203","Dispositivo iOS (iPhone/iPad)","dgCHicBIj46-ApGmAAAb"
"/conexiones_historial/6BwSes9C0L1vUkufYW30","id_93b9ff","#227e2f","2026-08-30T16:31:14.489Z","6.2625067","-75.49469","Móvil Android","de0EFwCKkvJ9lIvMAABC"
"/conexiones_historial/3JrXI4GBYZVnIWukVTYO","id_faf692","#ed11e6","2026-08-22T15:21:23.146Z","6.2645433","-75.4929217","Móvil Android","PWVBeEh3Vr2PF7rBAAAv"
"/conexiones_historial/sztroxPnWA8IpvuxG2tM","id_2b2cbf","#ac50a8","2026-08-18T20:23:47.790Z","6.165261640016501","-75.32535034549592","Dispositivo iOS (iPhone/iPad)","zFrToN_gjAdS1nl1AACm"
"/conexiones_historial/Q2XdHhN7oFpWwTRblmRV","id_449808","#999ac9","2026-08-22T15:12:50.870Z","6.1586833","-75.53193","Móvil Android","BuLWImPlVQcZrGqJAAAp"
"/conexiones_historial/5k27g8LaYVhNOKpMnW46","id_c2cfb4","#0ff1a3","2026-08-30T17:25:23.783Z","6.2648481","-75.4949145","Móvil Android","tAk2ObEj0rj8e0lGAABs"
"/conexiones_historial/zgxkXaTDjQddEEtE9ziy","id_5f8cd8","#dd05bd","2026-08-27T19:53:42.912Z","6.26187432900052","-75.4946260254999","Dispositivo iOS (iPhone/iPad)","B-K5V2NC57V4CS2tAAAB"
"/conexiones_historial/45nLssJPVqZuq3O8l0VU","id_74bb36","#6df789","2026-08-23T15:59:10.517Z","6.261755961446791","-75.49464076257634","Dispositivo iOS (iPhone/iPad)","3sJ1RJOjz9hVQQh-AAAq"
"/conexiones_historial/sHmdNaHOqUlORVo9AzTs","id_49f1e7","#d2643b","2026-08-30T18:53:19.698Z","6.2644552451057915","-75.49305835580196","Dispositivo iOS (iPhone/iPad)","goVqNyTOHe5S-Pn0AAAD"
"/conexiones_historial/5V7G6wM5FxAnCSCwbxaj","id_0f68c7","#70f1fc","2026-08-23T21:53:12.249Z","6.2615935","-75.4947784","Móvil Android","IhjM8vLnV5kkCr1lAAAD"
"/conexiones_historial/5aDL5CuqNdhMkCVfLDXh","id_b7ce65","#d223c8","2026-08-25T19:46:56.168Z","6.2623799176051165","-75.49409900881867","Dispositivo iOS (iPhone/iPad)","EiBfo-N2LixqJzWSAAAn"
"/conexiones_historial/537OjhQq6rA4NNXe91Uh","id_b370dd","#3d0fdc","2026-08-19T19:12:33.103Z","6.268588258696323","-75.4964743082476","Dispositivo iOS (iPhone/iPad)","Gdp5ogEcr9dZdoYIAAAF"
"/conexiones_historial/Gc7wrNqGOY4zJvwPEPJb","id_ccefbc","#601977","2026-08-30T21:28:33.934Z","6.2627072","-75.4935714","Móvil Android","6JayjVF-e-5tmr9-AABI"
"/conexiones_historial/tTd5RgIpPBgXPzMKG2oG","id_a07462","#ad8dac","2026-08-26T21:39:12.369Z","6.2632066713566985","-75.49431287099283","Dispositivo iOS (iPhone/iPad)","2dhnyUwRA3ivDGKRAABC"
"/conexiones_historial/6QAAcwFyNJABMrHux5dr","id_117ff2","#70456f","2026-08-22T19:45:53.984Z","6.267241492548617","-75.49518284634826","Dispositivo iOS (iPhone/iPad)","TEVspciZvZpjFnwtAAEP"
"/conexiones_historial/FoPGrvuqrNzY0SSj4R2D","id_b12b08","#09f349","2026-08-28T16:52:42.829Z","6.261746836092496","-75.49457144691821","Dispositivo iOS (iPhone/iPad)","J7gH7zu3IVGknrv1AAAF"
"/conexiones_historial/AWxZerdXMpaYk1EVr3hT","id_9cf2f9","#542d2f","2026-08-21T18:18:30.780Z","6.26913","-75.492245","Móvil Android","LRrk2fGEAQc_oraDAABr"
"/conexiones_historial/H3p7c5QqeBuIGsh6CLQg","id_6b523a","#e1ab92","2026-08-19T18:40:10.888Z","6.266446319420277","-75.49663405719255","Dispositivo iOS (iPhone/iPad)","1CeYTIBZ5qXVqqjFAAAD"
"/conexiones_historial/25DAQ6gPizVgaNR3zo75","id_9e9843","#d21a97","2026-08-28T15:51:40.173Z","6.2622403","-75.4951261","Móvil Android","FQ7BVjiq_xEiGleGAAAD"
"/conexiones_historial/AeQ7HpI435ZNmQiZdkQX","id_8103c1","#dad113","2026-08-21T15:12:27.381Z","6.269215933271958","-75.49379734887104","Dispositivo iOS (iPhone/iPad)","anisMiAcVl_1wDSgAAAl"
"/conexiones_historial/liLmMxepB1w8bjGC7zqO","id_185045","#8c1eb1","2026-08-26T21:45:03.399Z","6.2616191465505375","-75.49471724114616","Dispositivo iOS (iPhone/iPad)","eG_pCe_YtBLyDPP4AABq"
"/conexiones_historial/xhmQnQ71JoQQRwtgtaaF","id_4aa594","#051c04","2026-08-21T16:17:45.460Z","6.262536492432188","-75.49461406015253","Dispositivo iOS (iPhone/iPad)","9iE7qz-ceKyBYO4GAAAL"
"/conexiones_historial/Y03yEoL9WOvARwdNY2Ba","id_0687f4","#bdbaad","2026-08-27T01:46:05.619Z","6.154016806992195","-75.60683673965352","Dispositivo iOS (iPhone/iPad)","TLYBiogv3aFPdLezAAAT"
"/conexiones_historial/vJ6cxMOLui96oRlT8uIn","id_7459e9","#0426f2","2026-08-27T18:20:21.086Z","6.1868892","-75.6007689","Móvil Android","JJf_RV7cTor2obkKAAAB"
"/conexiones_historial/h77YfTUE8HXf29NbDClp","id_3cff90","#b72639","2026-08-29T16:50:38.527Z","6.2623263","-75.4945854","Móvil Android","zdbXm0HdvTxxK5y6AAAh"
"/conexiones_historial/Y9bplmxv7cHB1Y2trz3N","id_89cc68","#2c30e5","2026-08-21T16:31:01.335Z","6.266474677168662","-75.49523332164487","Dispositivo iOS (iPhone/iPad)","wIbCV0OhKLHCF-Q9AAAb"
"/conexiones_historial/7mwG5EOUvjuwmxImYR3x","id_8eff1e","#9db5a7","2026-08-21T14:46:45.767Z","6.26255","-75.4945933","Móvil Android","7bxjs1ZVcESPruDlAAAH"
"/conexiones_historial/APZkde4dHqDgTie5m9mZ","id_e86ba6","#ac0fec","2026-08-22T18:01:31.285Z","6.261143393370089","-75.48983212132356","Dispositivo iOS (iPhone/iPad)","Av-b1tpVNGjqA_6KAAAn"
"/conexiones_historial/VW3RCTIfplmUe0Gn4EIA","id_5e90d5","#04899d","2026-08-19T16:44:32.165Z","6.3340186","-75.5579744","Móvil Android","B_Vg07UZcElLKtpqAAAB"
"/conexiones_historial/du4xgOXUAwGR97ivXNgX","id_7f15b0","#c73acc","2026-08-22T15:51:56.014Z","6.2611872","-75.490019","Móvil Android","JZ9pSTsUMInNQhJHAABI"
"/conexiones_historial/H6MFBYC3D6EmyggOn3bJ","id_96fe52","#9c961f","2026-08-22T17:45:37.139Z","6.2614567","-75.4898317","Móvil Android","CvqB9Zp_57iC1LONAAAD"
"/conexiones_historial/K8puV6Eon1WRj7pMoDir","id_b7b424","#127e50","2026-08-22T16:23:48.107Z","6.263269940397016","-75.49428532838401","Dispositivo iOS (iPhone/iPad)","9XU59sdeZaCuR_C9AACC"
"/conexiones_historial/9fBnXD4aDlJv2fSAOctw","id_1b8cc3","#5a2682","2026-08-19T19:03:13.005Z","6.268577534197445","-75.49662680860995","Dispositivo iOS (iPhone/iPad)","FcETydB1oZJ3wue2AAAB"
"/conexiones_historial/vYHhgasDSnAyEVzlEce0","id_548597","#109449","2026-08-26T21:27:16.122Z","6.268080831089217","-75.49431209477312","Dispositivo iOS (iPhone/iPad)","ybWEOx6gxAfPtw9DAAAU"
"/conexiones_historial/SCOJn9g2eYlt5f0KDEyN","id_0d0c83","","2026-08-17T18:02:55.779Z","","","PC Windows","2TkpljLIPfLLkYzPAAAB"
"/conexiones_historial/fVsvQLs4nOHF4r8dLNnD","id_1b0c1f","#0f56a3","2026-08-30T19:35:25.754Z","6.2648159453200485","-75.49493353294159","Dispositivo iOS (iPhone/iPad)","QRHkZBDzfVtjrJlwAAAJ"
"/conexiones_historial/qhhd16O0J6lakiFnMTqQ","id_418019","#34334c","2026-08-26T21:20:30.219Z","6.2691608657595514","-75.49378117854032","Dispositivo iOS (iPhone/iPad)","VKlXVod1VI6cmwOsAAAE"
"/conexiones_historial/J3diL3cgj6Knbr4bH7mp","id_a28933","#aef636","2026-08-19T13:56:45.324Z","6.2615321","-75.4950313","Móvil Android","OdYsKpEzrCKtmke7AAAD"
"/conexiones_historial/nGogyN1Mdv4O89XM6Cu9","id_90005f","#81d614","2026-08-29T19:19:15.577Z","6.2673951","-75.4951543","Móvil Android","rUVrBw5_mIYcSjM-AAEe"
"/conexiones_historial/YPgn7nxWXRGgDqp9WUDv","id_0f1492","#22bf4e","2026-08-22T18:40:52.019Z","6.26622265119819","-75.49162561964154","Dispositivo iOS (iPhone/iPad)","5EC-rFg29JNK7d2NAACT"
"/conexiones_historial/URCP6QJWUwW6uOLSvcwv","id_711555","#d2d1c4","2026-08-22T20:46:30.498Z","6.26793744044905","-75.49517066566717","Dispositivo iOS (iPhone/iPad)","KOC1baFS5XF2ZBkSAAAF"
"/conexiones_historial/ndryvwGEeIAlyTO6izHG","id_279839","#68c4fc","2026-08-22T15:55:45.239Z","6.264316084837424","-75.49466765247192","Dispositivo iOS (iPhone/iPad)","oYX_Ge4LYi3NsErlAABY"
"/conexiones_historial/nFoPf8jhSD7BiCWJdrnT","id_685d95","#286f00","2026-08-29T16:53:29.273Z","6.2647535","-75.4949628","Móvil Android","WiNmevQ8pa9p3w35AAAn"
"/conexiones_historial/simx67Zg5bfjsha3MgWZ","id_340e9a","","2026-08-17T18:02:41.490Z","","","Móvil Android","Zgv2E5rLk5YZHK-cAAAH"
"/conexiones_historial/Y0nBb4cGw2kWt6OWu2aP","id_156f6e","#4067a5","2026-08-22T15:12:33.079Z","6.2212968","-75.5939548","Móvil Android","O9jltC66sJ-8O6cBAAAn"
"/conexiones_historial/XlnA4kiSjvcfmuphRvZT","id_960854","#92b024","2026-08-25T18:03:20.248Z","6.1988167","-75.5634638","Móvil Android","TQtE6fhd5tdpUwdOAAAH"
"/conexiones_historial/xKDSrV1nh0tWErBd16Oj","id_8c3d5d","#c0e629","2026-08-22T16:00:41.119Z","6.2611417","-75.4899317","Móvil Android","xLGdKbbH8cuAyxdIAABc"
"/conexiones_historial/QaPPzNjM7Te1DQdeCMKJ","id_3911b1","#87cbe1","2026-08-18T22:34:54.345Z","6.264242466201508","-75.58944609486885","Dispositivo iOS (iPhone/iPad)","GKftGmmZZvGxSrskAAAp"
"/conexiones_historial/dygWvOK09rxzX1R7NL5q","id_d3a30b","#5abd1f","2026-08-27T16:43:21.668Z","6.262008","-75.4945949","Móvil Android","yGzrPv-LNwWyQU5UAAAB"
"/conexiones_historial/YE3mb4unMDdvSNAH6R79","id_360e67","#33c4ca","2026-08-25T18:08:35.784Z","6.1987084","-75.5635016","Móvil Android","4aopVl42cpn0FNb4AAAR"
"/conexiones_historial/Gl4xxW9PImB7EoOxNwGM","id_4e518d","#db3d3d","2026-08-30T15:49:37.255Z","6.262503881661894","-75.49463186797153","Dispositivo iOS (iPhone/iPad)","lAYplXF5PX2z39YhAAAD"
"/conexiones_historial/7zFh1IpThSaHAyH118ZW","id_6c8eae","#cb064c","2026-08-26T14:17:08.947Z","6.220853106533228","-75.6076281645689","Dispositivo iOS (iPhone/iPad)","SWsvJMLrrFdhIS3NAAAB"
"/conexiones_historial/leeAoK8xzx2KypbDXr7i","id_52beac","#b22484","2026-08-21T18:15:04.582Z","6.266976763765555","-75.49182530056083","Dispositivo iOS (iPhone/iPad)","jTLGNTpBVSzl_xXsAABl"
"/conexiones_historial/rIcUahiZ0vkBp0q6b5RL","id_b484d2","#dc5d24","2026-08-23T19:51:24.492Z","6.263261921292056","-75.494241315702","Dispositivo iOS (iPhone/iPad)","tk1p_xsQDw7nXxlNAAAT"
"/conexiones_historial/1RoifpCQW7TUmiofZ8iy","id_4c51f1","#4f518a","2026-08-22T15:31:15.302Z","6.2643302","-75.4946083","Móvil Android","LyoLY1q2ucAO74OcAAAz"
"/conexiones_historial/2R0xyiqFcTmWq2zZaSJ8","id_cbf83d","#d0a8fc","2026-08-21T18:29:40.832Z","6.264380582055087","-75.49033621672311","Dispositivo iOS (iPhone/iPad)","csVIlYl3U9pFS_cyAACB"
"/conexiones_historial/2srzxRYJxQ6Sr8VwkIue","id_e8697f","#a63dfb","2026-08-23T13:56:07.209Z","6.165436396221509","-75.595274708158","Dispositivo iOS (iPhone/iPad)","g3AKX5KNqFOLkDi5AAAB"
"/conexiones_historial/3qrsIE18ShU8m0l4Ru64","id_984521","#12bcfd","2026-08-22T16:30:02.465Z","6.2619719510564575","-75.49465562425232","Dispositivo iOS (iPhone/iPad)","7MAKWjzMKzD0_lu1AACE"
"/conexiones_historial/x7cqM9nCA8I4CVmDYbpd","id_de39b1","#e1f5cc","2026-08-23T22:00:28.663Z","6.2615339","-75.4946723","Móvil Android","vZKKKiL2qBo_EzIHAAAF"
"/conexiones_historial/Zqjn6xHtCUA7Mp3cCy6S","id_49def1","#f61cd9","2026-08-22T17:46:19.783Z","6.2615283","-75.489895","Móvil Android","xHsipnDi_Pn5gKrQAAAH"
"/conexiones_historial/oCEN5vQPmLU00TvSYkw6","id_e2c930","#618336","2026-08-26T21:36:27.474Z","6.26482620399566","-75.49491504722606","Dispositivo iOS (iPhone/iPad)","jNPhMzavZkIPMKv7AAAu"
"/conexiones_historial/CvuSqpSWAtBppJvM5r2R","id_17ffbc","#ed19f7","2026-08-22T19:10:45.582Z","6.2690826568012135","-75.49371270282923","Dispositivo iOS (iPhone/iPad)","ZgJN_fiei1VO60SMAADs"
"/conexiones_historial/8P1OlzSvPCitGKWscc01","id_682417","#e448f1","2026-08-27T18:39:26.206Z","6.2123785","-75.5986943","Móvil Android","qbktgDrTsCv0D6lEAABB"
"/conexiones_historial/ITPBnPjZcIl9oqOdwHkn","id_562a05","#a0f8cc","2026-08-21T17:48:07.825Z","6.261527075378221","-75.48993225848747","Dispositivo iOS (iPhone/iPad)","r7vU_sLGZvkjyfiBAABN"
"/conexiones_historial/ceCaK9bVzSJa9HEpzcGL","id_1cbf5e","#b65fdf","2026-08-22T18:14:10.903Z","6.2631962","-75.494159","Móvil Android","dgpGTB83eR385g4zAABz"
"/conexiones_historial/apou3EszHmWn3MlIeFpO","id_e5f18b","#c4efc7","2026-08-27T16:49:53.811Z","6.2647002","-75.4949302","Móvil Android","LYs2lttuChdegQSNAAAD"
"/conexiones_historial/BHMODFHnG3EUjixB4MHr","id_89db90","#f3ce77","2026-08-30T15:57:45.861Z","6.2625046","-75.4945963","Móvil Android","oKxk3WlV1dueK0WWAAAQ"
"/conexiones_historial/6IlA12HPrrcc2BKMvAI4","id_4868c1","","2026-08-17T18:09:59.682Z","","","PC Windows","aUwKiCkKt-waCtucAAAX"
"/conexiones_historial/pzIqZfrn7qXwhGZCUjHd","id_b357ed","#bc181e","2026-08-22T21:31:13.174Z","6.269063996984291","-75.49679937079073","Dispositivo iOS (iPhone/iPad)","QaydG3A_2yIxKB0uAAAB"
"/conexiones_historial/RYnrBBiEzlXhzXu0aeTc","id_6e8b48","#005a24","2026-08-23T17:34:05.382Z","6.271602088830015","-75.49335859270525","Dispositivo iOS (iPhone/iPad)","ewhG-pvlPdGBZOrTAABw"
"/conexiones_historial/u6YD2LuuZfMsHl2IRITs","id_63ea06","#854de1","2026-08-22T15:52:58.176Z","6.2610789","-75.4898571","Móvil Android","NaUJfYlqyEE9KyvAAABK"
"/conexiones_historial/g49sxQvjbsmgxSCAdY3x","id_f6dd41","#5855cb","2026-08-22T18:44:41.704Z","6.26667835741523","-75.49185191207658","Dispositivo iOS (iPhone/iPad)","DM0Nz4eJsalKJIAKAACb"
"/conexiones_historial/HlEVCnpg35p0pDogPhEo","id_10ef14","#76d7c3","2026-08-22T16:03:36.228Z","6.2611078","-75.4898331","Móvil Android","cRos117QlUQjyg89AABm"
"/conexiones_historial/T0hriREc69g1PzI8QCaD","id_d64c20","#1dbf4f","2026-08-30T16:00:05.677Z","6.261720501386018","-75.4938823593102","Dispositivo iOS (iPhone/iPad)","6nBw722y_OC2VsUWAAAU"
"/conexiones_historial/OXLcPyjt2Nwv9zvNVmF9","id_371de8","#8c2116","2026-08-23T16:33:40.943Z","6.2665235810207935","-75.49538125343055","Dispositivo iOS (iPhone/iPad)","BaMPDhRZCsRBuCq2AAA6"
"/conexiones_historial/VCFNiS2XcqwTIOvU6i7G","id_e0f617","#f00a44","2026-08-27T01:45:05.845Z","6.281535319277273","-75.50267866789127","Dispositivo iOS (iPhone/iPad)","Z14KspzIzj_6vYVRAAAR"
"/conexiones_historial/8PYaUAl4R6NhjlbjHCAl","id_a88c76","#5e5f4f","2026-08-18T20:32:37.387Z","6.16649056094504","-75.3254809722537","PC Windows","KFm_r_IAJtZDDTs3AAAB"
"/conexiones_historial/aMZJQk8axxW9xzrKySTh","id_ff620e","#21547b","2026-08-29T16:46:05.202Z","6.2629897","-75.4943138","Móvil Android","Ex5SM8dtlLywEd5MAAAX"
"/conexiones_historial/CUhQlFsVLy3JLp5oZCKR","id_300b05","#7bd961","2026-08-29T19:25:21.676Z","6.2645472","-75.494259","Móvil Android","Cy6IBWbBMnMyze8KAAEk"
"/conexiones_historial/GXOtSrFZN3hngMrIQJMC","id_d3c0ae","#60220e","2026-08-22T14:56:46.851Z","6.280756439117944","-75.50191081834676","Dispositivo iOS (iPhone/iPad)","yJg4U3kmT0Weu7N8AAAZ"
"/conexiones_historial/cT8gQOV1IDueB1gwu0aX","id_479e1e","","2026-08-17T18:12:52.521Z","","","PC Windows","UMrU0HYfNMqcSoT3AAAd"
"/conexiones_historial/U5iqixTmt1imuYyH6pp6","id_383b94","","2026-08-17T15:41:32.483Z","","","PC Windows","k3zeVwMoT6ipRw5jAAAD"
"/conexiones_historial/wV79gRTqP3kenu2KgGdZ","id_4f3314","#32d15a","2026-08-29T16:44:44.911Z","6.252252252252252","-75.49407945227999","Móvil Android","Z6GBOZ_Ucv_mQ_tWAAAV"
"/conexiones_historial/zfWUtJ40Wy3MPEgv5LBK","id_9a6e0f","","2026-08-17T22:21:57.200Z","","","PC Windows","nEkdWDu-aqn6hAruAAAn"
"/conexiones_historial/794354hGmlGmx8j2Eu2V","id_918b32","#1d9ef5","2026-08-23T16:09:41.953Z","6.263292763615401","-75.49424212787014","Dispositivo iOS (iPhone/iPad)","eb6T1o1bXxZNnvaTAAAu"
"/conexiones_historial/86kd4JGswY3mAGFl5KIY","id_f9af04","#2213ff","2026-08-22T14:42:52.076Z","6.2617183","-75.4947787","Móvil Android","3wJWjLJIkzIxYFGeAAAD"
"/conexiones_historial/qbvp7UGTNyVGy2uamUXg","id_3d2adc","#ac6720","2026-08-30T16:18:36.885Z","6.261692822923238","-75.49459594824404","Dispositivo iOS (iPhone/iPad)","T3TlII8_9hmjq01dAAAt"
"/conexiones_historial/LnF3EswY2WoDlyW2dHBk","id_2d1eb2","#d3937b","2026-08-18T22:45:03.789Z","6.317625","-75.550617","Móvil Android","dDZNbRrEllHosKomAAA9"
"/conexiones_historial/1BoXvjnhGOaGusqxCs3t","id_886f7b","#e12e1b","2026-08-29T18:19:17.825Z","6.261426611242941","-75.4898264686551","Dispositivo iOS (iPhone/iPad)","MZyKu7owpP_prQTCAADm"
"/conexiones_historial/yhWz4D8lDcIIh09GHi1u","id_bf9ead","#f32b11","2026-08-22T16:54:33.481Z","6.262553322355938","-75.49461188360534","Dispositivo iOS (iPhone/iPad)","LrTdC9iNr88Vr_HbAAC9"
"/conexiones_historial/kOTVHyVDWvsn6wSCwyaL","id_aef00f","#9a2315","2026-08-25T19:08:55.771Z","6.268884923919616","-75.49664482614541","Dispositivo iOS (iPhone/iPad)","4O5gJ7DzNZY-t3IlAAAB"
"/conexiones_historial/G8RvmH4pxhKsS67NCRuo","id_3a4f15","#0b7905","2026-08-29T17:36:03.574Z","6.2680465","-75.495668","Móvil Android","gNKryH35J52M6sdoAABJ"
"/conexiones_historial/aBO5oFBgYXM2iPpwSyvl","id_4407ca","#834eca","2026-08-30T16:20:04.983Z","6.267586892547819","-75.49515953927023","Dispositivo iOS (iPhone/iPad)","FQD89-muAAcR09u0AAAv"
"/conexiones_historial/qPR71VWFdsGTVfBf5L36","id_410382","#d6460d","2026-08-21T18:44:13.838Z","6.2616385","-75.4896018","Móvil Android","cZrhl9vR8dPjAOvoAACR"
"/conexiones_historial/2eAzmiMmrRMkDqRuH1p0","id_c30493","#670637","2026-08-21T18:25:13.573Z","6.264810139253788","-75.49054243354763","Dispositivo iOS (iPhone/iPad)","FsXBOvKDsv0-wS7eAAB9"
"/conexiones_historial/SOo2zm1V6dCUM30TD1Ih","id_ab341a","#b5b188","2026-08-21T18:54:18.482Z","6.2643498","-75.4923718","Móvil Android","V9mV3DQQu0MgKw0yAACY"
"/conexiones_historial/rNYNZrklFUMNMEq2SmPa","id_f5d623","#f8f886","2026-08-27T15:08:13.553Z","6.2614222","-75.4944714","Móvil Android","ovBP8PwLg-vBR5TkAAAR"
"/conexiones_historial/9AAJYKtlgdmQJy1m1CKU","id_b3c315","","2026-08-17T18:12:28.690Z","","","PC Windows","LT4X6uQ5_CTNkEpJAAAZ"
"/conexiones_historial/H9Ic2b7kNVXlASQHMxVq","id_7bfc51","#a5ca45","2026-08-30T16:12:17.613Z","6.26613653379832","-75.4950856870392","Dispositivo iOS (iPhone/iPad)","E71MNLcMBDHNhmMYAAAh"
"/conexiones_historial/yJ6LB4viPxeVZDEUv7x7","id_ded28f","#2dc814","2026-08-21T19:13:57.551Z","6.269196808071158","-75.49377060056945","Dispositivo iOS (iPhone/iPad)","lu0K0bjWN8vYiWGEAACc"
"/conexiones_historial/8DexNzuCIR9DumCGSOP6","id_6560c5","#844b14","2026-08-29T21:26:32.010Z","6.262526","-75.4945882","Móvil Android","m2U_HN_VC_puMyl1AAAq"
"/conexiones_historial/nlxi7QMd4heM45pxOQGo","id_c2060e","#5d863e","2026-08-22T18:34:42.809Z","6.2624388","-75.4909928","Móvil Android","nP3QTs_FFUWfocIMAACL"
"/conexiones_historial/ImlTEBj0w9IdEBqK7C1v","id_2cdc7d","#120d2b","2026-08-26T21:34:01.398Z","6.264808302239997","-75.49494107422466","Dispositivo iOS (iPhone/iPad)","yldd24U4IzXvvSrJAAAa"
"/conexiones_historial/XgVY3aGwWHPzYNBqYEAD","id_a58036","","2026-08-17T18:01:03.453Z","","","PC Windows","csHMs_qL2y5CLOpUAAAJ"
"/conexiones_historial/Za8UfDTABe0NadTqVAUU","id_ed56ab","#439dec","2026-08-22T15:08:13.083Z","6.261826058007231","-75.49461118356548","Dispositivo iOS (iPhone/iPad)","yr7uLx_hcVW0fzBbAAAh"
"/conexiones_historial/ZPgHFtf7IsbB7n37O9Ws","id_6720d9","#03aba3","2026-08-26T17:51:04.385Z","6.2644323","-75.4921348","Móvil Android","mnJqL-eztpAdZAYrAAAB"
"/conexiones_historial/ozyiNadjXnpGtotSxCtE","id_1c103a","#7b4df7","2026-08-21T18:41:37.986Z","6.2614745202192985","-75.48982934646988","Dispositivo iOS (iPhone/iPad)","aTT8ZWmhxz3HQGgWAACN"
"/conexiones_historial/d9bLq93B3qmXQxWpNzRn","id_d481eb","#b211cd","2026-08-29T18:08:35.542Z","6.262779722752087","-75.49108087861683","Dispositivo iOS (iPhone/iPad)","lf3M7Edw3wCgBCGuAADc"
"/conexiones_historial/D2wONw4CK3nf6k8dA01d","id_104de2","#9be7d1","2026-08-30T16:14:17.382Z","6.267413145585117","-75.49512706734426","Dispositivo iOS (iPhone/iPad)","Won_JnJI6I1oU9e3AAAj"
"/conexiones_historial/vMjWUw3RgQK0kq5AeQU3","id_b44664","#8cbb21","2026-08-22T18:15:11.247Z","6.2669805","-75.4953605","Móvil Android","5C7F_PmFSPpKA2QPAAB1"
"/conexiones_historial/lZcr5yNtDIHB1xNexrjX","id_6daf29","#32e689","2026-08-19T17:33:07.003Z","6.266441139238493","-75.49556198596221","Dispositivo iOS (iPhone/iPad)","ShufLkCWZEZMlPdYAAAH"
"/conexiones_historial/vqgXt7QNLzGYvg84pnR0","id_08f432","#c13d36","2026-08-25T18:14:56.418Z","6.1986597","-75.5634977","Móvil Android","weMz3KV-GhKXSShiAAAT"
"/conexiones_historial/eckWRlEtucLdeE9izMzp","id_ac9193","#48d22d","2026-08-23T03:09:59.975Z","6.2362457602358905","-75.60127963609204","Dispositivo iOS (iPhone/iPad)","xqkDnwh3X1N786gCAAAF"
"/conexiones_historial/lqRXwVGSEtHKqmo8MPfG","id_65c1ac","#ab34c8","2026-08-27T14:54:13.877Z","6.2620206","-75.4937974","Móvil Android","65w0z7ZRgMI7nhPYAAAF"
"/conexiones_historial/MmgZN7zxdv1cmAfrz36k","id_8fdb34","#8494bb","2026-08-24T01:07:49.663Z","6.076565","-75.3320412","Móvil Android","nZ84XAQvRMF34QbTAAAD"
"/conexiones_historial/Vh8b11vg8elgfdWnME1R","id_7f55c4","#074618","2026-08-23T17:05:21.420Z","6.2616067","-75.4952616","Móvil Android","BNPdODbNe2VMkF8eAABJ"
"/conexiones_historial/v1MWFa0yavtlJSONDGsc","id_cda366","#a1e85a","2026-08-19T15:34:51.868Z","6.2663835","-75.4966526","Móvil Android","n6H26fTwYt6nDw-DAAAE"
"/conexiones_historial/EhEuBzzIhlwRvcwQxMKa","id_375cd2","#cfec49","2026-08-29T17:00:17.215Z","6.27027027027027","-75.47855781669384","Móvil Android","HAZD6nGp3StQBqT8AAAz"
"/conexiones_historial/RCNdElZk4CbKyYRn0cln","id_87231d","#137883","2026-08-28T16:00:41.107Z","6.2622458","-75.4950514","Móvil Android","LMlZLVxzp_wVFeA4AAAP"
"/conexiones_historial/6cyCOfcH9tBbRb4UcGFB","id_d223a7","#3fcd7d","2026-08-29T17:55:17.142Z","6.264911518033194","-75.4949279208699","Dispositivo iOS (iPhone/iPad)","qcMI21GzPnUAYWChAABf"
"/conexiones_historial/4EUIC5ozxfMxLpTouTRl","id_b91422","#7dfb3d","2026-08-30T16:54:30.338Z","6.2630333","-75.4947433","Móvil Android","vSLfgTM2BRwDHf7kAABY"
"/conexiones_historial/2okaMdzpX5bass2nWJji","id_8e6af0","#3c139f","2026-08-22T18:27:49.295Z","6.263583320464188","-75.49056025478559","Dispositivo iOS (iPhone/iPad)","F3wTS5X3NeJcCLMSAACF"
"/conexiones_historial/jQt0usIkBi773bSBTVGg","id_9824b6","","2026-08-17T16:27:45.519Z","","","PC Windows","YANdunfl5APW0CyrAAAR"
"/conexiones_historial/GuOQUh3JwjOUd9h3ltMz","id_50b393","#a1439b","2026-08-22T14:46:43.596Z","6.2612889","-75.4946188","Móvil Android","VT3vEOAD3yVqRP-jAAAL"
"/conexiones_historial/bRXHaGUoNWxVoFQFfQCi","id_cb2751","#0c4d74","2026-08-22T16:53:45.013Z","6.261715404526515","-75.49454110851057","Dispositivo iOS (iPhone/iPad)","Z15IrLjYJ-QDFlMXAAC3"
"/conexiones_historial/APuhHLve7qq0DbeB64dl","id_f5289e","","2026-08-17T16:47:57.098Z","","","Móvil Android","1z_jkuRwfk1O6CS6AAA0"
"/conexiones_historial/6xepEireBuZaKWysPfLM","id_0e4d34","","2026-08-17T18:28:06.096Z","","","PC Windows","RmFc31-elvvkX5whAAAF"
"/conexiones_historial/UCKB4nTEuHN9cAt2vaNW","id_bd53fd","#f3e887","2026-08-29T16:32:02.495Z","6.2631951","-75.4941747","Móvil Android","MG6bi79Twf2OaVHHAAAL"
"/conexiones_historial/J8F1qD9mOw5YxOXpkgma","id_a6e2e4","#ce161c","2026-08-22T16:54:31.341Z","6.2619571066307325","-75.49452836925948","Dispositivo iOS (iPhone/iPad)","DtgK4dpbjlk_q2SjAAC_"
"/conexiones_historial/6RddJdeN4HcYTXm0yw44","id_28c7f8","#26b2e5","2026-08-29T18:22:25.408Z","6.2609211","-75.4896158","Móvil Android","_RmvYdz_CrqHTO9aAADy"
"/conexiones_historial/Sw4ldERj9T9yEl2WWIsM","id_debbb3","#aef003","2026-08-29T16:12:39.276Z","6.2586212","-75.5586608","Móvil Android","JenzPJDZxssRonbYAAAD"
"/conexiones_historial/SuBTp9FhPnyDQuKrzWZU","id_a6e9e3","#755dd0","2026-08-29T19:09:42.540Z","6.266278","-75.4966157","Móvil Android","ENObRlDhX3HCRId-AAEW"
"/conexiones_historial/lX2UgMrVVndbx5Yf8mz4","id_8a31cf","#23147a","2026-08-22T16:54:24.680Z","6.26253908169957","-75.49461006625599","Dispositivo iOS (iPhone/iPad)","emECJO2ZKknoPx5aAAC7"
"/conexiones_historial/jnWLQRRAzVj67DICSJNn","id_118573","#d08bda","2026-08-28T13:26:11.732Z","6.26218","-75.4944735","Móvil Android","MsW8RlHJQ4bll-jjAAAB"
"/conexiones_historial/4TwruVyuCzbft1ArFXqc","id_852e00","#13026b","2026-08-30T17:43:35.270Z","6.264844512544546","-75.4949343469862","Dispositivo iOS (iPhone/iPad)","sz1YJG6AsnvXf2HIAAB6"
"/conexiones_historial/KvcmgSDMkLHMx0BxKa2P","id_03c37e","#223dee","2026-08-28T23:14:24.737Z","6.2122511","-75.5986974","Móvil Android","kmygOecJntyF72dkAAAF"
"/conexiones_historial/Ya3D2ytk3r6cmQdmYq60","id_20d0bd","","2026-08-17T21:46:37.744Z","","","PC Windows","pWEpRKXgEbT0aZ02AAAR"
"/conexiones_historial/w2PwxpGm7N3qVny6QdG3","id_2bcfef","#b21277","2026-08-22T14:46:07.060Z","6.2852517937048065","-75.45407521674669","Dispositivo iOS (iPhone/iPad)","ZluVQkkCuGX5jHtgAAAJ"
"/conexiones_historial/vxtGHUJGclC8AK7dgpXM","id_b6d72f","#51bcf9","2026-08-23T19:52:32.766Z","6.264821513996765","-75.49490671403437","Dispositivo iOS (iPhone/iPad)","AKggvSpMDlsri_USAAAV"
"/conexiones_historial/o6FSZohiHyH0MC4ZP4jZ","id_ee6b5c","#22520f","2026-08-22T17:11:10.075Z","6.264890034837732","-75.49491926062355","Dispositivo iOS (iPhone/iPad)","tyXqPRecf9sYJF48AADP"
"/conexiones_historial/Ktmx5M80e78iN8Vf8INo","id_596834","#7792e2","2026-08-28T16:02:08.662Z","6.2618995","-75.4945832","Móvil Android","dxe8731gNCAQ5mXxAAAR"
"/conexiones_historial/GPmUmjrP3M1LiV4Og21S","id_45f471","#eac6e6","2026-08-30T19:01:24.192Z","6.26635734881788","-75.49673091965442","Dispositivo iOS (iPhone/iPad)","SGT2wCaEr4GD-3d8AAAH"
"/conexiones_historial/Xxwa5ZXhdERMHLWIHNkw","id_9dd083","#ba891d","2026-08-22T18:16:56.732Z","6.2677984","-75.4952502","Móvil Android","CVjBxOBSOq4E4XVgAAB5"
"/conexiones_historial/7raQiAMhwzShpegPDgSE","id_ff696d","#133cc2","2026-08-26T18:12:28.705Z","6.264866","-75.494904","Móvil Android","-C1OJHsGaYwo2j63AAAX"
"/conexiones_historial/Xl604T6cNxI3B57smIku","id_fe057f","#65dc6b","2026-08-29T17:18:27.906Z","6.2663505","-75.4967785","Móvil Android","Z2vNuqNUTKM-poz4AAA_"
"/conexiones_historial/6PbK8B0BwRw12IoB09bq","id_5c9260","#1db56b","2026-08-30T18:53:45.224Z","6.264382499273753","-75.49279752196473","Dispositivo iOS (iPhone/iPad)","NrN4jPo_qL858DZSAAAF"
"/conexiones_historial/2KyU3KmFnTAfVaeITy7x","id_8314c9","#eb3554","2026-08-22T18:04:06.183Z","6.26128450271243","-75.48920110462433","Dispositivo iOS (iPhone/iPad)","mgmDJVkJWcJcfRKZAAAp"
"/conexiones_historial/WNBmAgFFqzKzmg9LaPFU","id_2990ea","#3e0107","2026-08-22T17:49:47.606Z","6.266385853018923","-75.49539014246226","Dispositivo iOS (iPhone/iPad)","2wElMPy6F_DiemRaAAAM"
"/conexiones_historial/hVY1VKxwsfv61RTvNzMV","id_71f755","#9d55b6","2026-08-25T15:02:28.671Z","6.2624979","-75.4946773","Móvil Android","tKzdsdr-u1vhSjJFAAAB"
"/conexiones_historial/scaSRTm9k7ZaP8jUcNkm","id_678c26","#03eb85","2026-08-21T17:47:17.040Z","6.261533017914281","-75.48993150257498","Dispositivo iOS (iPhone/iPad)","Bf_tBtseTrFgrjrhAABL"
"/conexiones_historial/iM9z60SXZW7K9DMPQFvU","id_a4e622","#c9630c","2026-08-27T23:15:29.981Z","6.166861","-75.5802063","Móvil Android","9tv64jeGOO1KJL0aAAAo"
"/conexiones_historial/JsawnD6rOyKCOuKkePOm","id_20d1da","","2026-08-17T15:32:51.382Z","","","PC Windows","6ImExpxJELw1OjSxAAAH"
"/conexiones_historial/8X4Ias9ZmVliKmW2Y5Pq","id_263be7","#ae2a8b","2026-08-22T19:25:36.935Z","6.2679133401991844","-75.49448176114959","Dispositivo iOS (iPhone/iPad)","OLZ6rmIQ2IOvTO75AAD8"
"/conexiones_historial/ZgAicTp2F3OmuB2MyuKk","id_2edbdc","#d32b6c","2026-08-29T20:37:45.081Z","6.2683383","-75.4892695","Móvil Android","rk8YSBVgEMSFwiwtAAAK"
"/conexiones_historial/CDy4dYtgltcTPJfZXxUj","id_88f210","#5cf082","2026-08-24T00:17:28.405Z","6.2636512","-75.5974039","Móvil Android","0ZBw9Uw_6cGQIH34AAAC"
"/conexiones_historial/ui5JPDidxymcnr6zDhtT","id_8f5338","#7e6146","2026-08-18T20:29:42.752Z","6.165819895369757","-75.32577226652715","PC Windows","_55u7WZeJLWKeriEAAAB"
"/conexiones_historial/K74II1c63Pi5cSr0FyAB","id_c799a9","#02ea66","2026-08-26T20:12:24.020Z","6.269235462527153","-75.49376700627477","Dispositivo iOS (iPhone/iPad)","7EPxPX3dTn3wLdFvAAAB"
"/conexiones_historial/lENwQSn7KXqB2NzT8GQI","id_ddd846","#bee097","2026-08-23T16:54:47.757Z","6.262541234739917","-75.49460383157715","Dispositivo iOS (iPhone/iPad)","FUcVmEEeWMT7hN5cAAA-"
"/conexiones_historial/DYaaA4Vwh5hwxrEsiKPA","id_552dda","#b6ca70","2026-08-21T17:46:04.309Z","6.261516635108248","-75.48990772021665","Dispositivo iOS (iPhone/iPad)","diUoDaICKsAzicU4AABJ"
"/conexiones_historial/lJvwWed9jd0EbgCCRVsU","id_299ef5","#0dea30","2026-08-29T16:47:27.149Z","6.2636723","-75.4943726","Móvil Android","178nfrwbbV9IraAcAAAZ"
"/conexiones_historial/Xc5n33H1njkcEkSYv502","id_f852f3","","2026-08-17T16:24:14.669Z","","","Dispositivo iOS (iPhone/iPad)","-AHDZbB_AtMEm_-VAAAL"
"/conexiones_historial/JFzMq9DJVSJGwigDAE0u","id_930c14","#786914","2026-08-22T18:29:25.188Z","6.264394668910233","-75.49045693236094","Dispositivo iOS (iPhone/iPad)","Mwpaf-ot3MjBYKKWAACH"
"/conexiones_historial/CrajzXOp2iguL5N7sxNa","id_e1d926","#99d193","2026-08-23T16:56:22.640Z","6.263296111218319","-75.494242408037","Dispositivo iOS (iPhone/iPad)","GDV1SeT7AwLwsnh7AABG"
"/conexiones_historial/qQnNkzM60vBDNsCUAr5p","id_931f5c","#b1049c","2026-08-29T16:30:20.970Z","6.2625699","-75.4945902","Móvil Android","tH8Y6xDGCYIg0iPcAAAH"
"/conexiones_historial/NUSXNIxc0Bt5N6gMHnyD","id_dfd975","#19d116","2026-08-22T17:18:10.336Z","6.26294648706102","-75.4912201182806","Dispositivo iOS (iPhone/iPad)","BBbChuw-54wrswGQAADT"
"/conexiones_historial/1PYLVf95HbWGySXBHIqv","id_1be96b","#33e3c0","2026-08-24T15:56:16.431Z","6.2299632","-75.5743286","Móvil Android","SZvBoXQBug93J72nAAAB"
"/conexiones_historial/VAmg6IMNnlt3wzNkhM2F","id_c769ea","#8c7ddf","2026-08-19T17:30:04.773Z","6.264804153217269","-75.49492172756905","Dispositivo iOS (iPhone/iPad)","1VTmxNvnqk1rlG0eAAAD"
"/conexiones_historial/7qI353cnAscdK3FK67of","id_0ada02","#fe94c2","2026-08-25T15:59:51.702Z","6.2616626","-75.4946626","Móvil Android","D1vjERsrAvTK0ubYAAAB"
"/conexiones_historial/v5ueroXqm4wbd4IwphBZ","id_0a093a","#b1dfba","2026-08-27T20:31:33.202Z","6.154017979883708","-75.6068291908677","Dispositivo iOS (iPhone/iPad)","HbMnBwGoyzFaEDVBAAAB"
"/conexiones_historial/gHVGYaeqrLAsr3seIrIc","id_e1cff7","","2026-08-17T16:22:32.361Z","","","PC Windows","FO_sqS-NZecRLpYQAAAH"
"/conexiones_historial/1z6JLaiBWTyNlTP5KUDz","id_d86f32","#f48281","2026-08-30T16:22:44.186Z","6.268343766243971","-75.49615278224766","Dispositivo iOS (iPhone/iPad)","V4dq-BhYa_JDpiApAAA4"
"/conexiones_historial/J8QiAaw9cm1rfAO27fmp","id_c59ce1","#9ceecf","2026-08-21T18:36:29.722Z","6.262154536514743","-75.489314136934","Dispositivo iOS (iPhone/iPad)","AqMioJtTIW2SneUwAACH"
"/conexiones_historial/HGU5X3QqQUU28OswO5w5","id_fb7f0b","#06339c","2026-08-17T22:28:56.348Z","6.261283358601232","-75.49453563958453","PC Windows","UnqgIXkkp4mTdoJBAAAF"
"/conexiones_historial/Sb3JwkfJWvgL0AXL3DmH","id_1f93b6","#84b567","2026-08-23T20:34:23.635Z","6.269821908604198","-75.49595904285059","Dispositivo iOS (iPhone/iPad)","XiOG9iUKk8BztwOVAAAh"
"/conexiones_historial/kTSQbDkCWVrKsLfde96h","id_71df38","#0d68ce","2026-08-29T17:57:53.614Z","6.26466274618866","-75.49464283623128","Dispositivo iOS (iPhone/iPad)","QI0m2aLuIlhSeWpUAABl"
"/conexiones_historial/iypdnmBYJpxiEmXg0WZm","id_15190e","#08b1d0","2026-08-30T15:56:05.007Z","6.262402476778102","-75.49452800050469","Dispositivo iOS (iPhone/iPad)","Zmy57aEA-1cS8mphAAAM"
"/conexiones_historial/GmoYxl8B4ZlQ7rGkNDom","id_69854e","#c28b11","2026-08-25T18:34:38.674Z","6.269165483655968","-75.4938278491684","Dispositivo iOS (iPhone/iPad)","sa1Jx-rbgsjRk5-BAAAB"
"/conexiones_historial/f6xm3037tUrdJeo7gwaD","id_a8ef10","#a5230b","2026-08-23T16:55:45.140Z","6.2629346","-75.4943037","Móvil Android","cVSLytA4mV88F18IAABE"
"/conexiones_historial/9IFsVSBxHYjVZuiMh2pI","id_6862f8","#53bf54","2026-08-23T17:27:39.971Z","6.270226639115789","-75.49368033783665","Dispositivo iOS (iPhone/iPad)","KWP7bl9g47yOgz0IAABh"
"/conexiones_historial/kwZ4aiZtWsgE3Tn5Lp0e","id_e9c233","#35d422","2026-08-30T17:55:31.989Z","6.268587160316108","-75.49585320512726","Dispositivo iOS (iPhone/iPad)","b_QyxU9yNh4moiZfAACR"
"/conexiones_historial/Zm4b2LdJEJWBt6RYewbO","id_be7ff7","#0b431b","2026-08-22T03:37:59.356Z","6.190365898788276","-75.5730048892407","Dispositivo iOS (iPhone/iPad)","HgRXS4oxTKPG345NAAAB"
"/conexiones_historial/l4yvxigQpAbdIcx4npHr","id_a2d279","#c3ea37","2026-08-23T17:31:49.675Z","6.270842837875635","-75.49345187592237","Dispositivo iOS (iPhone/iPad)","m4C3jGsnJp_IxnEcAABr"
"/conexiones_historial/wuFW3DRy9Utm0i5JGCpq","id_8b2582","#67cd0d","2026-08-23T17:55:16.396Z","6.2706970094958505","-75.49463988146081","Dispositivo iOS (iPhone/iPad)","0SxOhSzsJ9miszRsAAB7"
"/conexiones_historial/rtQiMU8ePG19ilo5ol3d","id_d9ebba","#a06142","2026-08-22T18:36:33.972Z","6.2645591110476495","-75.49053499265545","Dispositivo iOS (iPhone/iPad)","gPf8VHqFKTyr5GntAACP"
"/conexiones_historial/svCH0SRfa0Q9e6YzOFq2","id_e90686","#eb1f0c","2026-08-19T17:31:50.004Z","6.265961366249573","-75.49511340819235","Dispositivo iOS (iPhone/iPad)","f_ppi56cj83pgqY9AAAF"
"/conexiones_historial/GWKECcEhCmSzcpsqUQzU","id_a967ff","#3ba48f","2026-08-30T16:54:29.124Z","6.2619144","-75.4945719","Móvil Android","1WgjtRLWRn_3FcF1AABX"
"/conexiones_historial/90GATWDDkWjcOnuzPd9k","id_732f26","#fd3134","2026-08-21T15:29:49.949Z","6.264849541502468","-75.49156066835512","Dispositivo iOS (iPhone/iPad)","rGA5YRoSvr0KnD9sAAAv"
"/conexiones_historial/ueXzQVL2NemmWnxQdJW8","id_be1342","#418e11","2026-08-22T17:05:31.255Z","6.261782767419436","-75.49462604002542","Dispositivo iOS (iPhone/iPad)","6IvSDX3nAlQtwftqAADN"
"/conexiones_historial/gDYbiNDQb46iyvvenNff","id_e42176","#42433e","2026-08-22T16:49:45.302Z","6.2648721","-75.4948986","Móvil Android","Pc_89sFfCA04stVTAACz"
"/conexiones_historial/ZBdanwYtbvHu6cvKxy6O","id_e1b3e2","","2026-08-17T15:57:02.221Z","","","PC Windows","bKb8BxLDjjAVu3Q0AAAT"
"/conexiones_historial/N1LSpv40TyA85clt68tD","id_d56b7a","#52cc4e","2026-08-28T15:57:38.627Z","6.262244","-75.4951208","Móvil Android","Mzs1PAg9rNoqviwaAAAJ"
"/conexiones_historial/qUUJwLhIrNpZcZflCs0l","id_810bbf","#63baba","2026-08-30T15:56:56.775Z","6.2624838","-75.4946844","Móvil Android","xhL2V5dtxMK_naIZAAAO"
"/conexiones_historial/wtpgQQDbfeLa5JTku2WI","id_b2f085","#004a44","2026-08-28T16:57:03.014Z","6.2632455719722575","-75.49422001366185","Dispositivo iOS (iPhone/iPad)","kpp9t_WebxYwZrEpAAAH"
"/conexiones_historial/1qlNh6Y3XHNwG1u5qFu5","id_fd239c","#1a292f","2026-08-29T19:49:37.428Z","6.27071278535197","-75.49466924046484","Dispositivo iOS (iPhone/iPad)","jdAkRlimrfRf9yDZAAE0"
"/conexiones_historial/okq8B6utv8n9RCCNNXPe","id_d3cc7a","","2026-08-17T17:55:24.166Z","","","PC Windows","RUgOsUfnJin7D_5CAAAF"
"/conexiones_historial/q6cykXDtbeCHiW5PlIgu","id_2225d8","#b7f3a9","2026-08-21T18:16:08.504Z","6.266958976373291","-75.49185244578246","Dispositivo iOS (iPhone/iPad)","EquLwO5eoK109S6QAABn"
"/conexiones_historial/LOofadHLiBEiKX4XoYFL","id_cb1614","","2026-08-17T17:50:45.817Z","","","PC Windows","LZ8Ph5l4OjDhpMpmAAB1"
"/conexiones_historial/KGxEVGM5jxKIHGNgNVth","id_536be1","#b9ac1b","2026-08-19T19:06:40.501Z","6.268706847564792","-75.49673133742358","Dispositivo iOS (iPhone/iPad)","hztxzzz-ae2KY5xYAAAD"
"/conexiones_historial/h7VtmdVGPvQ4sW06PCzJ","id_087b4b","#131043","2026-08-22T20:48:08.412Z","6.266610350670706","-75.49654775609105","Dispositivo iOS (iPhone/iPad)","1IFJNavklfm9imaAAAAJ"
"/conexiones_historial/gx5UiZXpfsTfYasXCOZO","id_315f30","","2026-08-17T16:13:58.799Z","","","PC Windows","Jrh2HH676u3VpPCwAAAd"
"/conexiones_historial/vmnVlBFRcis3XEqo9tti","id_16b1f8","#32f8a6","2026-08-29T17:20:37.662Z","6.2688802","-75.4967926","Móvil Android","KKAW96hwCieNkPXiAABB"
"/conexiones_historial/F7ecwxyIi46RTcRM4Kdx","id_238cc6","#c3e3da","2026-08-21T14:44:53.425Z","6.2625167","-75.494895","Móvil Android","79Q7-a4aJbtGn4BmAAAD"
"/conexiones_historial/ZbaoeCcUxumHAcuv76gQ","id_cbc5f3","#90001d","2026-08-23T19:03:15.452Z","6.2644148","-75.4922637","Móvil Android","6Nu9DMEpMyQTR58zAAAB"
"/conexiones_historial/HQ2wy18CO4L5GoTlmxnV","id_0d08c3","#3ddc15","2026-08-22T18:26:40.993Z","6.266810729807779","-75.4966724639881","Dispositivo iOS (iPhone/iPad)","WzW_VVFrWAMC6voRAACD"
"/conexiones_historial/O8A5Qx5XGsWTbyXw3L4z","id_e60efb","#c9dcb9","2026-08-26T21:20:21.774Z","6.258920411024274","-75.58731832715819","Dispositivo iOS (iPhone/iPad)","fz1-HHyGpmO9VAikAAAC"
"/conexiones_historial/Ov0tjUVguK63CHCzM9si","id_3d7b33","#d7b70e","2026-08-21T18:22:01.838Z","6.261670861375377","-75.49476547386095","Dispositivo iOS (iPhone/iPad)","c_MWm8h6Ha21rniGAAB5"
"/conexiones_historial/kHZhAN8bY4yweKBoxYsl","id_25d8f6","#7cfb90","2026-08-22T18:41:12.585Z","6.2663080874193815","-75.49169849109865","Dispositivo iOS (iPhone/iPad)","hrx2wgXR12NumzjXAACV"
"/conexiones_historial/Hmurho2OLnayNwLSv8dD","id_aa3b36","#ddc9b3","2026-08-30T19:03:20.893Z","6.266357305990317","-75.49673243913956","Dispositivo iOS (iPhone/iPad)","dGTE6YLXnUw3PoQFAAAJ"
"/conexiones_historial/vj42KBJHe9rzyPG6loIc","id_5ea5a1","#c20c72","2026-08-23T02:10:28.617Z","6.1494924","-75.3645326","Móvil Android","0QaVNKqP0P3Oq4oiAAAB"
"/conexiones_historial/wQhVM0NraIV47k5WAJ0i","id_4f3ce9","#0e8b50","2026-08-29T16:54:32.570Z","6.2641841","-75.4944821","Móvil Android","gozNKb07GuZpqYSwAAAq"
"/conexiones_historial/qbIR7Ki7zDcYEdNiva2R","id_4c735e","#0a3209","2026-08-28T21:10:52.155Z","6.26325573310076","-75.49422892812625","Dispositivo iOS (iPhone/iPad)","-SJ9DGImX1D-jGSOAABH"
"/conexiones_historial/67b8smFHRVaWQKlSsmZ1","id_b96ab6","#a56cb9","2026-08-28T18:00:56.844Z","6.266559189821778","-75.49537154338118","Dispositivo iOS (iPhone/iPad)","evq7gQW8yfwBpcRAAAAF"
"/conexiones_historial/vhXtoDrkoDgzHhUYOC4t","id_11981d","#504db0","2026-08-29T19:41:16.648Z","6.2672995","-75.4952475","Móvil Android","TBhqxFCfj7VyHtuMAAEu"
"/conexiones_historial/tzHzheHkn9W0Oc7X9mUk","id_682caa","#ce59f1","2026-08-29T15:15:17.364Z","6.2617715","-75.4946285","Móvil Android","UzTNT4FeHldAH6x4AAAH"
"/conexiones_historial/URxkue3BixJi1MY3D9hU","id_8bc513","#fc1dc5","2026-08-23T05:48:51.385Z","6.276970873008426","-75.55579985155597","Dispositivo iOS (iPhone/iPad)","Rro9CYGi0XiIdAidAAAB"
"/conexiones_historial/ZC5sWy90trMrdVqnpRf2","id_f0a760","#3326b4","2026-08-30T16:23:09.849Z","6.263294775446075","-75.49423065881244","Dispositivo iOS (iPhone/iPad)","IpE7ulfHU-vBzAnlAAA6"
"/conexiones_historial/Q7TXDJAdLiEsAZFOEouH","id_36a1e7","#b166b8","2026-08-27T18:40:00.513Z","6.212365","-75.5986933","Móvil Android","JMQqRqIx2a6zl3UbAABD"
"/conexiones_historial/Iax2T3zGWv2Z0wbXET5B","id_96e806","#fb0954","2026-08-28T15:59:10.284Z","6.2622444","-75.4951203","Móvil Android","gypx4AXHXg6dZeCBAAAN"
"/conexiones_historial/mDmsQIoLIxForPcTquUv","id_63b903","#455d27","2026-08-23T14:18:00.221Z","6.253982222887665","-75.60952167432076","Dispositivo iOS (iPhone/iPad)","5iqrSsf6woRyoHnzAAAD"
"/conexiones_historial/X381ug99KVdCInayHI9t","id_0ab6f2","#3ffdf4","2026-08-22T18:42:17.218Z","6.2661396396667355","-75.49161862482185","Dispositivo iOS (iPhone/iPad)","WhBe5NPnlDvO6GvgAACX"
"/conexiones_historial/RfcVrNAtdtN1KRCcy12W","id_379b1f","#d6306a","2026-08-22T16:55:44.796Z","6.262386856499492","-75.49406215771225","Dispositivo iOS (iPhone/iPad)","2Ms7LcHzOS0mgrmvAADD"
"/conexiones_historial/bEWvuY1pv2b0EhWYb8ok","id_b8ae01","#0ae161","2026-08-26T21:31:58.262Z","6.266452344459217","-75.49541980800741","Dispositivo iOS (iPhone/iPad)","Ec2m5VScpzm80nnPAAAY"
"/conexiones_historial/0kbiVgbFoYlLe8o2pz4i","id_3fa4b6","#9f882f","2026-08-23T19:56:26.523Z","6.265587913622586","-75.49499527595663","Dispositivo iOS (iPhone/iPad)","zUZ7x17WtV2um1rYAAAX"
"/conexiones_historial/JqbhKi1iI0IAjoejS4lu","id_bdd683","#9f0d01","2026-08-22T16:21:44.239Z","6.262520221067836","-75.49465773634192","Dispositivo iOS (iPhone/iPad)","Xhq_7k1Z3AJtlxgsAACA"
"/conexiones_historial/2zUM96bV6kKmHVctSeKe","id_975e50","#a244dc","2026-08-21T18:20:56.288Z","6.2692833","-75.4923983","Móvil Android","sBsfiC0VAzESAqkeAAB3"
"/conexiones_historial/zame40EQyriT1vCQp3JN","id_e6e796","#2cb861","2026-08-30T17:23:20.152Z","6.266539174618636","-75.49538080441164","Dispositivo iOS (iPhone/iPad)","Zb-sFqYM4191Bn3zAABq"
"/conexiones_historial/qxpIo3AKxc6peDdvW6uB","id_acc303","#e3c62c","2026-08-26T21:29:08.343Z","6.267332044293925","-75.49515028438829","Dispositivo iOS (iPhone/iPad)","soT-8v_6bzNWS7A1AAAW"
"/conexiones_historial/1tebyOY9igE477bbkn82","id_e4b2c0","","2026-08-17T20:45:34.122Z","","","Móvil Android","g3olLOy9itLHOU1XAAAB"
"/conexiones_historial/tjXJpTZuaaYFD9aT0d7l","id_b974cd","#a1fa8f","2026-08-26T18:00:28.758Z","6.2618991","-75.494628","Móvil Android","3EKxOECEZOyViAzUAAAD"
"/conexiones_historial/UvF8RlUZFV2YD69muPrJ","id_0de964","#eda279","2026-08-23T15:37:02.759Z","6.2618459","-75.4905382","Móvil Android","ejfTiKeAYu3AF0R6AAAU"
"/conexiones_historial/9FvELonG7IHYNpQzTuhC","id_f20000","#f7e69d","2026-08-21T16:28:32.372Z","6.266435478705313","-75.49524480157535","Dispositivo iOS (iPhone/iPad)","h8PAc1-7SFXBUiiCAAAZ"
"/conexiones_historial/H3lYCbDQrZOLtj1s61av","id_c7dc33","#f79bd3","2026-08-26T21:51:44.077Z","6.261534952394536","-75.49496316671838","Dispositivo iOS (iPhone/iPad)","4vbDIy2tX2xb0UH0AABs"
"/conexiones_historial/Phb8nsXCgkH9MAOaPbC8","id_64ffba","#345f70","2026-08-28T16:52:19.771Z","6.262493432924192","-75.49466464594306","Dispositivo iOS (iPhone/iPad)","JdWtsR60qZCC9QwJAAAD"
"/conexiones_historial/WM6K9wia2l9eHlHDMNtg","id_ec9de4","#3e251c","2026-08-29T15:27:29.263Z","6.263163349627439","-75.49408933673145","Dispositivo iOS (iPhone/iPad)","kWfkXpOcQbvj3-RLAAAZ"
"/conexiones_historial/ftGN9IHmqy375yV5YWY1","id_5e8d9b","#99f735","2026-08-22T20:40:47.735Z","6.268024090184483","-75.49531713874086","Dispositivo iOS (iPhone/iPad)","fsJEfbVkwftUxmusAAAD"
"/conexiones_historial/rPE7yHbxIORbyPKRJuBf","id_117bf3","#0a848a","2026-08-22T16:47:55.665Z","6.2617231831976845","-75.49468098449711","Dispositivo iOS (iPhone/iPad)","4FvzlU-WudDkWhpqAACx"
"/conexiones_historial/S8iFSD2E7FZ5oBuUOyGC","id_0b9a41","#86caeb","2026-08-19T17:39:32.502Z","6.266326552120598","-75.49666338557134","Dispositivo iOS (iPhone/iPad)","lE4OTfEDZYs64_E4AAAN"
"/conexiones_historial/kAuvjJ5tJyhIKilCXjHI","id_570163","#ec96e1","2026-08-30T16:41:13.243Z","6.264844509555428","-75.49493404930305","Dispositivo iOS (iPhone/iPad)","yhpYJ5uHOTH_j5j_AABM"
"/conexiones_historial/kYiMqaF2dl2Sa4o4qPv4","id_e3dec4","","2026-08-17T15:50:30.389Z","","","PC Windows","2BD0pumYdx2UkEiJAAAN"
"/conexiones_historial/5GpKD1V4b8575bMLZjpA","id_e37160","#f75e19","2026-08-19T17:34:39.995Z","6.266472681041324","-75.49612879201679","Dispositivo iOS (iPhone/iPad)","W7D8-i044G1DbK7eAAAL"
"/conexiones_historial/oQU2CGRRsdgWWKoEUtnw","id_1e6e3b","#3a5db5","2026-08-22T15:37:20.253Z","6.2814485","-75.502576","Móvil Android","nyfohrErNw-KbJ1NAAA4"
"/conexiones_historial/RPE3fxgQzn3HsvG29unh","id_a3a9e3","#eaf943","2026-08-29T21:00:59.004Z","6.266339298343174","-75.49670132771286","Dispositivo iOS (iPhone/iPad)","1JK7R_xopoKepNE1AAAc"
"/conexiones_historial/V5PtxDsieJ76zI8TQ3X5","id_17e37f","#de1664","2026-08-21T18:18:51.700Z","6.26941427248562","-75.49243698210773","Dispositivo iOS (iPhone/iPad)","z2zhm7l-z8P7ENC4AABv"
"/conexiones_historial/kwPsSnFVmeteUf0V51nm","id_3c2930","#41830e","2026-08-29T13:31:13.827Z","6.337776","-75.5650422","Móvil Android","bXIjdW2bebf6UxvcAAAB"
"/conexiones_historial/yVsXUTK6Lv9ac2o8iFRW","id_c42cb6","#ea0ffe","2026-08-25T19:11:27.856Z","6.268917359853746","-75.49667657254602","Dispositivo iOS (iPhone/iPad)","hI17QzbUS9Dg0N0dAAAD"
"/conexiones_historial/tIdAQfLEmw6AjXs2sQeS","id_ab887c","#662755","2026-08-21T20:38:17.080Z","6.1672977544818055","-75.32516249420446","PC Windows","Xl5g8ES_E1KS-s20AAAF"
"/conexiones_historial/QsbLVcbw8dW6niUrDYlz","id_215a36","#a40ed7","2026-08-18T01:20:14.778Z","6.165215134418827","-75.32535086532654","Dispositivo iOS (iPhone/iPad)","eNpNYdE2Ryoyhha0AAAR"
"/conexiones_historial/Qy9U1tVIZWyIkm786hSk","id_47f3b9","","2026-08-17T18:14:07.169Z","","","PC Windows","79gmn5yUlv80C1_fAAAH"
"/conexiones_historial/hCTGyJheD7vEm9Hp0NtJ","id_57c9b5","","2026-08-17T15:31:33.178Z","","","PC Windows","vtQo2EHKRhBBGk4uAAAJ"
"/conexiones_historial/ceDj0FEnYQBcVtKQ55eq","id_c57315","#d6e752","2026-08-22T15:37:33.840Z","6.2814614","-75.5026718","Móvil Android","xR5o5t876-Er3URaAAA6"
"/conexiones_historial/Cd1gMkO56GtVLLebSSEe","id_4d554f","#a8f580","2026-08-28T16:06:16.244Z","6.2644838","-75.4945626","Móvil Android","ERR5uIeQ_QO7KoghAAAV"
"/conexiones_historial/pYrpehhSa4SIr4hVQVI8","id_81be2f","#ae11f4","2026-08-22T16:02:45.145Z","6.2614242","-75.4898082","Móvil Android","fuWmNBQW5WT2GD3KAABi"
"/conexiones_historial/avOGPPJI3G7ihXsvrWCc","id_ae09f3","#213b17","2026-08-22T20:55:48.963Z","6.266472517288783","-75.49528352152757","Dispositivo iOS (iPhone/iPad)","pm2taIr7X-kndVa8AAAL"
"/conexiones_historial/ALLJSdTgSsjl9Xf4Nq2U","id_bd9a48","#68f050","2026-08-21T18:32:48.044Z","6.2650519","-75.4905829","Móvil Android","UOgUNTppTLQfN-gCAACF"
"/conexiones_historial/CubH31vLu3iiLdqzosPO","id_c5ac24","#1a7ad7","2026-08-22T16:59:30.888Z","6.264764679799782","-75.49505660005076","Dispositivo iOS (iPhone/iPad)","pc67q6bbY4yXQWemAADH"
"/conexiones_historial/YnZWjgnCi2YcLEKlyMrL","id_ba75a1","","2026-08-17T18:24:14.269Z","","","PC Windows","IngoAsqzWFat2pXaAAAX"
"/conexiones_historial/riI7A5SOTQ6w3Y9ZGRuu","id_6449fa","#79be5e","2026-08-30T15:14:57.051Z","6.2626076","-75.4946489","Móvil Android","E4FKnuAuWuYLQBvrAAAJ"
"/conexiones_historial/yvJAobFv7zPVb7BEvWSc","id_c73de0","#7ae55a","2026-08-22T19:55:59.927Z","6.267001724140604","-75.49521242975753","Dispositivo iOS (iPhone/iPad)","GRWu7M99u728XKSaAAEV"
"/conexiones_historial/h69Vh2BKlRPtKKrgiZhz","id_ecaa1a","#598f89","2026-08-29T17:59:46.776Z","6.2664317","-75.4956551","Móvil Android","0xujazcKc-XaRnXXAABp"
"/conexiones_historial/0CyGAgLt4Kafadv3A2tq","id_da08a6","","2026-08-17T15:48:26.547Z","","","PC Windows","XVPf1Rw5A_noYF4CAAAJ"
"/conexiones_historial/jBuz36gOi4yinfPwAuPk","id_0b515a","#1325d3","2026-08-22T16:51:05.367Z","6.261727919160064","-75.49468373461706","Dispositivo iOS (iPhone/iPad)","T3HX8A4fneII9zeAAAC1"
"/conexiones_historial/wXxxqqZQRZZvkV0B7NSY","id_e769e3","#037e11","2026-08-22T19:05:43.276Z","6.268742401087997","-75.49241299114148","Dispositivo iOS (iPhone/iPad)","K8hFVpvs06TM4SW1AACm"
"/conexiones_historial/mtqD94gJnCjHpEgbbSw8","id_7f91fa","#079f76","2026-08-25T18:03:32.563Z","6.1987722","-75.5634721","Móvil Android","TZvPkBlzfejgibXvAAAL"
"/conexiones_historial/9VRIuMOB2mKo8v8zZtRF","id_bd7867","#d2be61","2026-08-30T17:36:04.453Z","6.26182159955595","-75.49462556102162","Dispositivo iOS (iPhone/iPad)","rkrLfnefLodadAdfAABy"
"/conexiones_historial/gFSppGk6eNWZxlIZKpKc","id_288fa8","#759635","2026-08-22T16:08:04.614Z","6.2609842","-75.4896893","Móvil Android","s3dSNrLiVwGiSJPEAABy"
"/conexiones_historial/SXYL0EjMrV4pYPfcRmoJ","id_3e2f50","#6960e0","2026-08-22T16:39:15.044Z","6.2632617","-75.494215","Móvil Android","9K7Do75MuQMFxL0nAACQ"
"/conexiones_historial/xJynlm3MQM0yvmjFNW4X","id_3bd52a","","2026-08-17T15:43:43.019Z","","","PC Windows","owSG87nfkPpTHNJRAAAH"
"/conexiones_historial/k1cwZIePPwuYzh87nG8a","id_f26492","#cef135","2026-08-22T18:47:53.381Z","6.26691146000865","-75.49192218942227","Dispositivo iOS (iPhone/iPad)","CiIhpgipS6zvCx8zAACd"
"/conexiones_historial/r5G0dtGxQeERtFnkiTZa","id_259944","#24bcb2","2026-08-18T01:54:40.541Z","6.1645505","-75.6478045","Móvil Android","xPWYG5kPy2yoDBqaAAAB"
"/conexiones_historial/Z13VD7i0miC1TEN2O552","id_593a64","","2026-08-17T15:32:58.505Z","","","PC Windows","Yl8fx4jrUKlPiFFkAAAD"
"/conexiones_historial/VtB05gyfeqHH0jiEOaaJ","id_da2620","#5af350","2026-08-27T16:08:17.452Z","6.2617796262850165","-75.4946210841855","Dispositivo iOS (iPhone/iPad)","0WOvNADIk4HDYHQkAAAB"
"/conexiones_historial/UAdbxkjJu90BKB5mUyqx","id_d2464b","#e151fe","2026-08-26T21:40:04.447Z","6.2622988248415075","-75.4948601633576","Dispositivo iOS (iPhone/iPad)","EZNXdg_u2Nu87SRiAABE"
"/conexiones_historial/F6IsXFHPxSdQ4ma2Mt4b","id_af6822","#3071dc","2026-08-23T17:07:05.558Z","6.263298939835595","-75.49424844224168","Dispositivo iOS (iPhone/iPad)","_kf-dqxIm7sWXjQGAABL"
"/conexiones_historial/CYQehl7Ej47khwxGOkeB","id_3459cf","","2026-08-17T18:01:13.075Z","","","PC Windows","9IjtzvczYe1HAcLwAAAB"
"/conexiones_historial/R5ieGqNuntFTfX3JhbqA","id_505dbe","","2026-08-17T16:26:51.222Z","","","Dispositivo iOS (iPhone/iPad)","sQg8C1bEgermWtjwAAAN"
"/conexiones_historial/Bk9siQy0oSlohINX6NBZ","id_5bd3d7","#8da3c5","2026-08-29T21:23:13.580Z","6.2640658","-75.4944753","Móvil Android","5RFZdIGOP0d8ww95AAAm"
"/conexiones_historial/Dhbyemdgnsf69XeGb4Xo","id_51cc4f","","2026-08-17T15:41:33.684Z","","","PC Windows","pXRFM51vrUrykAGKAAAN"
"/conexiones_historial/uFcPxNSbdqJtZ3TWCcSM","id_9ebe6b","#ddfcc1","2026-08-19T19:41:25.420Z","6.267229264045441","-75.49517394057236","Dispositivo iOS (iPhone/iPad)","R63CAkzRjWmeGS_OAAAB"
"/conexiones_historial/hKvQiRUU0vpyxzePRqlw","id_346c7d","","2026-08-17T21:48:33.531Z","","","PC Windows","SWSa_9XXnYkb4OFiAAAV"
"/conexiones_historial/aHQ0f4T8ZxVHp1fAz22D","id_f2cad5","","2026-08-17T18:06:51.270Z","","","PC Windows","fedYYSuT5YJjrtLcAAAP"
"/conexiones_historial/hTh3NpADcX0A0E8nA8UL","id_074045","#1f774a","2026-08-21T14:50:26.389Z","6.2647241","-75.4949838","Móvil Android","zwaNWwH9DxDjBSwCAAAJ"
"/conexiones_historial/5DO8JePpiqS23gdNXKw6","id_48abe0","#031b7d","2026-08-22T16:45:25.104Z","6.261702434197906","-75.49469675012702","Dispositivo iOS (iPhone/iPad)","lvqPg4saP_l0GNN0AACm"
"/conexiones_historial/isYXtnFuYsNqducTFfsT","id_ea25f1","#907df1","2026-08-19T18:46:10.597Z","6.267014365118444","-75.49661615021328","Dispositivo iOS (iPhone/iPad)","C1O-Q215t3kV-GyuAAAH"
"/conexiones_historial/lELYJLvCz7ttEDUM286C","id_2744f1","","2026-08-17T16:06:08.676Z","","","PC Windows","fyReAi7nzaiSMsPTAAAH"
"/conexiones_historial/U6byfmiCIweXVtbw0Bd0","id_7ef974","#01daab","2026-08-21T14:55:28.567Z","6.264818187485714","-75.49493097007431","Dispositivo iOS (iPhone/iPad)","PKzLKCTJP2CXLW7HAAAN"
"/conexiones_historial/Hw1wgG14GuaTzZIEM93n","id_51bfc8","#6f6df2","2026-08-23T16:54:48.118Z","6.262505","-75.4946367","Móvil Android","f3L-81uqFMfALAzyAABA"
"/conexiones_historial/fOBG2pXxBhxtiLsqio9D","id_2909d5","#ad67c4","2026-08-30T17:20:15.225Z","6.2685931","-75.4965736","Móvil Android","EggkBxFYclevBERLAABm"
"/conexiones_historial/gJvWQo71Cy9zMuzmsFfQ","id_08d610","#d200bc","2026-08-23T20:10:45.293Z","6.263298296421873","-75.4942427877238","Dispositivo iOS (iPhone/iPad)","A9w7jy5VSMUEmoRdAAAZ"
"/conexiones_historial/ouozMtMsaOI6OXj1ASSy","id_036dc2","#b69a32","2026-08-18T20:38:45.906Z","6.165872665962899","-75.3257090101525","PC Windows","fUS7IUq2R-CRxoTtAAAF"
"/conexiones_historial/OHiFraluhcGpHBZ2qItH","id_872318","","2026-08-17T16:22:27.703Z","","","Dispositivo iOS (iPhone/iPad)","A5lBuwRCrMZ62J8QAAAF"
"/conexiones_historial/YFDBqZLCxQvOf3nrwbY9","id_8c1e74","#ec14d0","2026-08-27T18:21:21.926Z","6.1867148","-75.6005611","Móvil Android","DcwC5U-r5BZvAUxvAAAD"
"/conexiones_historial/ccXNWkEFOwKpKyZSguAB","id_2e6ef9","#6f44d3","2026-08-28T18:00:18.343Z","6.26649191421442","-75.49538171815422","Dispositivo iOS (iPhone/iPad)","befpxLBQQgsV9uThAAAD"
"/conexiones_historial/vUKbyVH7WZJG7ghCCuDE","id_7ca6ae","","2026-08-17T17:06:07.961Z","","","Móvil Android","AR8fgxuMy5Caaf6fAABC"
"/conexiones_historial/xZuHkVygkfoUnW2Sznw8","id_8da27e","#928a1a","2026-08-29T18:04:17.248Z","6.2640100786070745","-75.49352886037096","Dispositivo iOS (iPhone/iPad)","DCkUbGjqhiD9_V44AABt"
"/conexiones_historial/2eh4JgVWkbHsBzTTjcT0","id_8d4662","#144c6c","2026-08-29T17:08:17.956Z","6.27027027027027","-75.47855781669384","Móvil Android","GjGzQwWqMwT5xWTYAAA3"
"/conexiones_historial/TbFiux6iQXhg6CXM655c","id_206c9c","#b14b46","2026-08-23T16:55:05.722Z","6.2626318","-75.4945862","Móvil Android","pbFxHVKSPXAS7q3cAABC"
"/conexiones_historial/NS8N8mmh7xzqyTqqnjzI","id_e1e321","#0a60ca","2026-08-26T21:26:27.256Z","6.268802076902168","-75.49343504419221","Dispositivo iOS (iPhone/iPad)","1Htuv7k6w2DRkCx9AAAS"
"/conexiones_historial/0EuzXuBl88ihgnPJeizL","id_beeb85","#8ec816","2026-08-21T18:39:05.132Z","6.2634518","-75.4888618","Móvil Android","kJHPGtMHiFabvfXKAACL"
"/conexiones_historial/euqv8vqmj9YtSgY9QkU9","id_9c5059","#c04af4","2026-08-23T16:07:17.781Z","6.26162098065587","-75.4947165967436","Dispositivo iOS (iPhone/iPad)","B8mif8uy4bIVosffAAAs"
"/conexiones_historial/vLr8FkhBWp7wBj3hZxuO","id_120809","#ecccbd","2026-08-22T15:53:41.142Z","6.261846622157597","-75.49461588968423","Dispositivo iOS (iPhone/iPad)","ucDTrc78DOHhbrg8AABQ"
"/conexiones_historial/1QyqMqu0kLTuAebxIoBJ","id_9878a4","","2026-08-17T18:03:38.486Z","","","PC Windows","SLT4Tco4O55mS3McAAAJ"
"/conexiones_historial/XVryE0DfqSJFANLD0Bir","id_baea92","#27392f","2026-08-22T18:15:02.045Z","6.2667684","-75.4950092","Móvil Android","xO6TYH9d09lc6gqfAAB3"
"/conexiones_historial/FNIYWbBHdQkaZBBYFLUS","id_2b6fa3","#1181d5","2026-08-29T15:09:21.389Z","6.261550309484929","-75.48989800869832","Dispositivo iOS (iPhone/iPad)","29h9PNNeJ8T7_zV6AAAB"
"/conexiones_historial/Y93q7CJVwJJQTYzwH8Ve","id_3ead53","#e6edc8","2026-08-30T16:53:10.006Z","6.265752979981069","-75.49517907461345","Dispositivo iOS (iPhone/iPad)","mWRxYFPFtXS45BsAAABS"
"/conexiones_historial/RSbE7zsJi0CTQrHtwwiW","id_fb247e","#6a0a3d","2026-08-22T19:23:12.894Z","6.2692136447328535","-75.49389816296309","Dispositivo iOS (iPhone/iPad)","J5Cl_w59I7WFf6lLAAD6"
"/conexiones_historial/Bhvxdj8hZeQbKpsU6Xn9","id_6a5240","#b2566b","2026-08-27T14:56:21.148Z","6.2618746","-75.4946833","Móvil Android","gxwa8Wu2UCSzmWdyAAAM"
"/conexiones_historial/Gj3p95UEwFBJF4zHFtzK","id_92a321","#d66a10","2026-08-23T17:19:05.261Z","6.270080529195109","-75.4935554504801","Dispositivo iOS (iPhone/iPad)","VGVyBPUGdk937CIqAABb"
"/conexiones_historial/Wuqs90hs99kcRkXhfLsK","id_150ae7","#2429a9","2026-08-21T18:11:40.586Z","6.2624802","-75.4946835","Móvil Android","qmF51VwWcKZhzDYPAABh"
"/conexiones_historial/zBhxXBP5xYdl23OmSv8g","id_ff3993","#167a75","2026-08-29T18:33:08.206Z","6.252252252252252","-75.49407945227999","Móvil Android","kwgfBpIyvbbilZuXAAD-"
"/conexiones_historial/gnfoVo9asPDWs1v5Imsx","id_d075e4","#5516d4","2026-08-21T14:46:12.465Z","6.262473250851242","-75.49468290477346","Dispositivo iOS (iPhone/iPad)","vJKAw_qWz1jCOhW_AAAF"
"/conexiones_historial/BzDZyRlJ2ck3JewZYETk","id_bd3a34","","2026-08-17T15:41:09.160Z","","","PC Windows","w067qLbK76maRGbrAAAJ"
"/conexiones_historial/SPZPvuVqGE5X0VFGkJ3y","id_0883b2","","2026-08-17T17:15:30.741Z","","","Móvil Android","wZK56xEvyZyJonvnAABe"
"/conexiones_historial/gq8arvdS8qcfzfuySUAh","id_14233e","#c423e4","2026-08-23T17:08:03.989Z","6.261872912759395","-75.49458855771576","Dispositivo iOS (iPhone/iPad)","LT1MhMAGqI2w4WBXAABT"
"/conexiones_historial/0jzfd0K5Ic7GQ42Gz6uX","id_0a01ab","#42f6a7","2026-08-22T18:53:03.719Z","6.267885783163077","-75.49173675243284","Dispositivo iOS (iPhone/iPad)","qbBRJVMBmkC1blZQAACf"
"/conexiones_historial/IBGw2qlOEtfe5cakLH6v","id_93c5d9","#b58995","2026-08-27T14:52:13.560Z","6.261788","-75.4946148","Móvil Android","x7xQfX_EVJ5N1NvbAAAB"
"/conexiones_historial/PdVSCMQbWYhdYcdcQdIC","id_097c84","#379018","2026-08-22T16:54:00.393Z","6.2616555391067","-75.49467211625557","Dispositivo iOS (iPhone/iPad)","3EK7JHZSJsB2FgLnAAC5"
"/conexiones_historial/IKm2IwoF30mYtfsvZRuF","id_7fe41d","","2026-08-17T18:09:59.228Z","","","PC Windows","wCL6TShnO4p5IrAZAAAR"
"/conexiones_historial/rHsEFtSoTMrsOITQSKD4","id_6c6f01","#1e2d5c","2026-08-29T18:08:55.009Z","6.262609265074098","-75.49111192872948","Dispositivo iOS (iPhone/iPad)","yC2UjhgUqSohLFn8AADe"
"/conexiones_historial/3lhaTF8cEl4yDU9JX5Ue","id_ca65d9","#8e7b5d","2026-08-21T14:57:57.137Z","6.2813579","-75.502458","Móvil Android","bMi1NWf4ZS8782LfAAAR"
"/conexiones_historial/p9UmTBCJPp59NQ4Ghysb","id_e9210e","#b144fb","2026-08-30T16:23:50.916Z","6.262163495529786","-75.49448953472205","Dispositivo iOS (iPhone/iPad)","lDLaKGHRL_XhKY7MAAA8"
"/conexiones_historial/n5PGkgrBgOyyGvfhTOHk","id_71fb5c","","2026-08-17T18:01:39.294Z","","","PC Windows","CegT-avCQDkRmDOlAAAF"
"/conexiones_historial/a26q3JOV5o78O8BvgsbE","id_93ef7c","#697e09","2026-08-22T16:54:34.952Z","6.262292496457891","-75.49448022187605","Dispositivo iOS (iPhone/iPad)","iQkI9jbbINGzCdGlAADB"
"/conexiones_historial/quyWHR3osgTXiOFPrJlH","id_b84a8d","#15e7f4","2026-08-28T16:03:18.300Z","6.2627834","-75.4944022","Móvil Android","g7zwGMi3Hj9tF_ajAAAT"
"/conexiones_historial/gF44UD6dCmv8uQwMPKZ4","id_bf4e20","#768a39","2026-08-19T13:52:53.879Z","6.2616573","-75.4947268","Móvil Android","V_BN_Az8o3O7N_k8AAAB"
